"# Exhaustion marker data: Fig 1E, S1B"
Well,Plate,Day,CAR,T Cell Donor,K562 Condition,T Cell Subset,Number of Positive Exhaustion Markers,Number of T Cells,Fraction of T Cells
A01,1,33,41BB,1,cd19+,cd8,0,26,0.00280807862620153
A01,1,33,41BB,1,cd19+,cd8,1,669,0.0722540231126472
A01,1,33,41BB,1,cd19+,cd8,2,5248,0.566799870396371
A01,1,33,41BB,1,cd19+,cd8,3,3298,0.356193973431256
A01,1,33,41BB,1,cd19+,cd8,4,18,0.00194405443352414
A02,1,6,41BB,1,cd19+,cd8,0,144,0.0103019029904135
A02,1,6,41BB,1,cd19+,cd8,1,2255,0.161324939190156
A02,1,6,41BB,1,cd19+,cd8,2,6163,0.4409071397911
A02,1,6,41BB,1,cd19+,cd8,3,4454,0.318643582772929
A02,1,6,41BB,1,cd19+,cd8,4,962,0.0688224352554013
A02,1,15,41BB,1,cd19+,cd8,0,64,0.00530284199188002
A02,1,15,41BB,1,cd19+,cd8,1,1551,0.128511061396967
A02,1,15,41BB,1,cd19+,cd8,2,7380,0.611483967188665
A02,1,15,41BB,1,cd19+,cd8,3,2849,0.236059325544784
A02,1,15,41BB,1,cd19+,cd8,4,225,0.0186428038777032
A02,1,24,41BB,1,cd19+,cd8,0,7,0.00110132158590308
A02,1,24,41BB,1,cd19+,cd8,1,301,0.0473568281938326
A02,1,24,41BB,1,cd19+,cd8,2,2603,0.409534298300818
A02,1,24,41BB,1,cd19+,cd8,3,3312,0.521082441787288
A02,1,24,41BB,1,cd19+,cd8,4,133,0.0209251101321586
A02,1,33,41BB,1,cd19+,cd8,0,34,0.00371300644315824
A02,1,33,41BB,1,cd19+,cd8,1,1197,0.130719668013542
A02,1,33,41BB,1,cd19+,cd8,2,6081,0.664082122966037
A02,1,33,41BB,1,cd19+,cd8,3,1822,0.198973462924539
A02,1,33,41BB,1,cd19+,cd8,4,23,0.00251173965272469
A03,1,6,41BB,1,cd19+,cd8,0,109,0.00644284194349214
A03,1,6,41BB,1,cd19+,cd8,1,1859,0.109882964889467
A03,1,6,41BB,1,cd19+,cd8,2,6735,0.398096701737794
A03,1,6,41BB,1,cd19+,cd8,3,6388,0.377586003073649
A03,1,6,41BB,1,cd19+,cd8,4,1827,0.107991488355598
A03,1,15,41BB,1,cd19+,cd8,0,90,0.00617580457009538
A03,1,15,41BB,1,cd19+,cd8,1,2092,0.143553146229328
A03,1,15,41BB,1,cd19+,cd8,2,8781,0.602552665888973
A03,1,15,41BB,1,cd19+,cd8,3,3375,0.231592671378577
A03,1,15,41BB,1,cd19+,cd8,4,235,0.0161257119330268
A03,1,24,41BB,1,cd19+,cd8,0,4,0.000611246943765281
A03,1,24,41BB,1,cd19+,cd8,1,293,0.0447738386308069
A03,1,24,41BB,1,cd19+,cd8,2,2613,0.39929706601467
A03,1,24,41BB,1,cd19+,cd8,3,3489,0.533160146699267
A03,1,24,41BB,1,cd19+,cd8,4,145,0.0221577017114914
A03,1,33,41BB,1,cd19+,cd8,0,18,0.00135920863852601
A03,1,33,41BB,1,cd19+,cd8,1,965,0.0728686853432002
A03,1,33,41BB,1,cd19+,cd8,2,7656,0.578116740919731
A03,1,33,41BB,1,cd19+,cd8,3,4569,0.34501245941252
A03,1,33,41BB,1,cd19+,cd8,4,35,0.0026429056860228
A07,1,6,41BB,2,cd19+,cd8,0,1649,0.183283316661109
A07,1,6,41BB,2,cd19+,cd8,1,3558,0.395465155051684
A07,1,6,41BB,2,cd19+,cd8,2,2769,0.307769256418806
A07,1,6,41BB,2,cd19+,cd8,3,901,0.100144492608647
A07,1,6,41BB,2,cd19+,cd8,4,120,0.0133377792597533
A07,1,15,41BB,2,cd19+,cd8,0,2202,0.110553268400442
A07,1,15,41BB,2,cd19+,cd8,1,7328,0.367908424540617
A07,1,15,41BB,2,cd19+,cd8,2,7512,0.3771462998293
A07,1,15,41BB,2,cd19+,cd8,3,2633,0.132191987147304
A07,1,15,41BB,2,cd19+,cd8,4,243,0.0122000200823376
A07,1,24,41BB,2,cd19+,cd8,0,186,0.0185425181935998
A07,1,24,41BB,2,cd19+,cd8,1,1931,0.192503239956136
A07,1,24,41BB,2,cd19+,cd8,2,4953,0.493769315123118
A07,1,24,41BB,2,cd19+,cd8,3,2792,0.278337154820058
A07,1,24,41BB,2,cd19+,cd8,4,169,0.016847771907088
A07,1,33,41BB,2,cd19+,cd8,0,63,0.0112079701120797
A07,1,33,41BB,2,cd19+,cd8,1,670,0.11919587262053
A07,1,33,41BB,2,cd19+,cd8,2,2406,0.428037715708949
A07,1,33,41BB,2,cd19+,cd8,3,2439,0.433908557196228
A07,1,33,41BB,2,cd19+,cd8,4,43,0.00764988436221313
A08,1,6,41BB,2,cd19+,cd8,0,1797,0.127900355871886
A08,1,6,41BB,2,cd19+,cd8,1,4716,0.335658362989324
A08,1,6,41BB,2,cd19+,cd8,2,4897,0.348540925266904
A08,1,6,41BB,2,cd19+,cd8,3,2259,0.160782918149466
A08,1,6,41BB,2,cd19+,cd8,4,381,0.0271174377224199
A08,1,15,41BB,2,cd19+,cd8,0,1749,0.0882041454435423
A08,1,15,41BB,2,cd19+,cd8,1,7091,0.357607544505522
A08,1,15,41BB,2,cd19+,cd8,2,8058,0.406374501992032
A08,1,15,41BB,2,cd19+,cd8,3,2667,0.134499974784407
A08,1,15,41BB,2,cd19+,cd8,4,264,0.013313833274497
A08,1,24,41BB,2,cd19+,cd8,0,132,0.0137873407144349
A08,1,24,41BB,2,cd19+,cd8,1,1439,0.150302903697514
A08,1,24,41BB,2,cd19+,cd8,2,4377,0.457175684144558
A08,1,24,41BB,2,cd19+,cd8,3,3281,0.342698976394402
A08,1,24,41BB,2,cd19+,cd8,4,345,0.0360350950490913
A08,1,33,41BB,2,cd19+,cd8,0,28,0.00485773768216516
A08,1,33,41BB,2,cd19+,cd8,1,528,0.0916030534351145
A08,1,33,41BB,2,cd19+,cd8,2,2311,0.400936849410132
A08,1,33,41BB,2,cd19+,cd8,3,2816,0.488549618320611
A08,1,33,41BB,2,cd19+,cd8,4,81,0.0140527411519778
A09,1,6,41BB,2,cd19+,cd8,0,1760,0.132860270249868
A09,1,6,41BB,2,cd19+,cd8,1,4306,0.325054729372688
A09,1,6,41BB,2,cd19+,cd8,2,4578,0.345587680229486
A09,1,6,41BB,2,cd19+,cd8,3,2149,0.162225409526685
A09,1,6,41BB,2,cd19+,cd8,4,454,0.0342719106212727
A09,1,15,41BB,2,cd19+,cd8,0,2681,0.117644477598842
A09,1,15,41BB,2,cd19+,cd8,1,8575,0.376278028873579
A09,1,15,41BB,2,cd19+,cd8,2,8582,0.376585194611435
A09,1,15,41BB,2,cd19+,cd8,3,2699,0.118434332353328
A09,1,15,41BB,2,cd19+,cd8,4,252,0.0110579665628154
A09,1,24,41BB,2,cd19+,cd8,0,188,0.0177124552477859
A09,1,24,41BB,2,cd19+,cd8,1,1938,0.182589033352176
A09,1,24,41BB,2,cd19+,cd8,2,5256,0.495195025438101
A09,1,24,41BB,2,cd19+,cd8,3,3007,0.283305068777087
A09,1,24,41BB,2,cd19+,cd8,4,225,0.0211984171848502
A09,1,33,41BB,2,cd19+,cd8,0,39,0.00678496868475992
A09,1,33,41BB,2,cd19+,cd8,1,625,0.108733472512178
A09,1,33,41BB,2,cd19+,cd8,2,2320,0.403618649965205
A09,1,33,41BB,2,cd19+,cd8,3,2697,0.469206680584551
A09,1,33,41BB,2,cd19+,cd8,4,67,0.0116562282533055
C02,1,6,CD28,1,cd19+,cd8,0,1367,0.0186374357506101
C02,1,6,CD28,1,cd19+,cd8,1,16964,0.231284169768361
C02,1,6,CD28,1,cd19+,cd8,2,27448,0.37422116787326
C02,1,6,CD28,1,cd19+,cd8,3,21279,0.290114115096732
C02,1,6,CD28,1,cd19+,cd8,4,6289,0.0857431115110366
C02,1,15,CD28,1,cd19+,cd8,0,268,0.0252092935753927
C02,1,15,CD28,1,cd19+,cd8,1,3515,0.330636816856364
C02,1,15,CD28,1,cd19+,cd8,2,4261,0.400808954943091
C02,1,15,CD28,1,cd19+,cd8,3,2377,0.223591383689211
C02,1,15,CD28,1,cd19+,cd8,4,210,0.0197535509359421
C02,1,24,CD28,1,cd19+,cd8,0,176,0.013576056772601
C02,1,24,CD28,1,cd19+,cd8,1,2624,0.202406664609688
C02,1,24,CD28,1,cd19+,cd8,2,5993,0.462280160444307
C02,1,24,CD28,1,cd19+,cd8,3,3923,0.302607219993829
C02,1,24,CD28,1,cd19+,cd8,4,248,0.0191298981795742
C02,1,33,CD28,1,cd19+,cd8,0,40,0.00505689001264223
C02,1,33,CD28,1,cd19+,cd8,1,921,0.116434892541087
C02,1,33,CD28,1,cd19+,cd8,2,3362,0.425031605562579
C02,1,33,CD28,1,cd19+,cd8,3,3420,0.43236409608091
C02,1,33,CD28,1,cd19+,cd8,4,167,0.0211125158027813
C03,1,6,CD28,1,cd19+,cd8,0,1743,0.0202427269031996
C03,1,6,CD28,1,cd19+,cd8,1,20682,0.240195110620754
C03,1,6,CD28,1,cd19+,cd8,2,32437,0.376714476511236
C03,1,6,CD28,1,cd19+,cd8,3,24256,0.281702572440625
C03,1,6,CD28,1,cd19+,cd8,4,6987,0.0811451135241856
C03,1,15,CD28,1,cd19+,cd8,0,415,0.0304945256815343
C03,1,15,CD28,1,cd19+,cd8,1,5311,0.390256447938864
C03,1,15,CD28,1,cd19+,cd8,2,5281,0.388052024395621
C03,1,15,CD28,1,cd19+,cd8,3,2393,0.175839517966052
C03,1,15,CD28,1,cd19+,cd8,4,209,0.0153574840179293
C03,1,24,CD28,1,cd19+,cd8,0,202,0.0167329357190192
C03,1,24,CD28,1,cd19+,cd8,1,2519,0.208664678595096
C03,1,24,CD28,1,cd19+,cd8,2,5241,0.434145129224652
C03,1,24,CD28,1,cd19+,cd8,3,3703,0.306742876076872
C03,1,24,CD28,1,cd19+,cd8,4,407,0.0337143803843605
C03,1,33,CD28,1,cd19+,cd8,0,53,0.00801088270858525
C03,1,33,CD28,1,cd19+,cd8,1,933,0.14102176541717
C03,1,33,CD28,1,cd19+,cd8,2,2792,0.422007255139057
C03,1,33,CD28,1,cd19+,cd8,3,2683,0.405532043530834
C03,1,33,CD28,1,cd19+,cd8,4,155,0.0234280532043531
C07,1,6,CD28,2,cd19+,cd8,0,9464,0.137024381768692
C07,1,6,CD28,2,cd19+,cd8,1,21036,0.304569409856953
C07,1,6,CD28,2,cd19+,cd8,2,23377,0.338463543174842
C07,1,6,CD28,2,cd19+,cd8,3,13056,0.189031099785718
C07,1,6,CD28,2,cd19+,cd8,4,2135,0.0309115654137951
C07,1,15,CD28,2,cd19+,cd8,0,1737,0.160239852398524
C07,1,15,CD28,2,cd19+,cd8,1,3966,0.365867158671587
C07,1,15,CD28,2,cd19+,cd8,2,3494,0.322324723247232
C07,1,15,CD28,2,cd19+,cd8,3,1488,0.137269372693727
C07,1,15,CD28,2,cd19+,cd8,4,155,0.0142988929889299
C07,1,24,CD28,2,cd19+,cd8,0,2483,0.175663247258578
C07,1,24,CD28,2,cd19+,cd8,1,4566,0.323027944817828
C07,1,24,CD28,2,cd19+,cd8,2,4510,0.319066147859922
C07,1,24,CD28,2,cd19+,cd8,3,2448,0.173187124159887
C07,1,24,CD28,2,cd19+,cd8,4,128,0.00905553590378493
C07,1,33,CD28,2,cd19+,cd8,0,612,0.076720571643475
C07,1,33,CD28,2,cd19+,cd8,1,2286,0.286573899962392
C07,1,33,CD28,2,cd19+,cd8,2,3298,0.413438636078726
C07,1,33,CD28,2,cd19+,cd8,3,1718,0.215369186410931
C07,1,33,CD28,2,cd19+,cd8,4,63,0.00789770590447537
C08,1,6,CD28,2,cd19+,cd8,0,8567,0.133294954178401
C08,1,6,CD28,2,cd19+,cd8,1,19362,0.301255620730967
C08,1,6,CD28,2,cd19+,cd8,2,21979,0.341973829565434
C08,1,6,CD28,2,cd19+,cd8,3,12292,0.191252664498763
C08,1,6,CD28,2,cd19+,cd8,4,2071,0.0322229310264349
C08,1,15,CD28,2,cd19+,cd8,0,1540,0.157689944706123
C08,1,15,CD28,2,cd19+,cd8,1,3392,0.347327462625435
C08,1,15,CD28,2,cd19+,cd8,2,3056,0.312922383780463
C08,1,15,CD28,2,cd19+,cd8,3,1538,0.157485152570141
C08,1,15,CD28,2,cd19+,cd8,4,240,0.0245750563178374
C08,1,24,CD28,2,cd19+,cd8,0,3005,0.178370036208227
C08,1,24,CD28,2,cd19+,cd8,1,5498,0.326348904849528
C08,1,24,CD28,2,cd19+,cd8,2,5308,0.315070932510239
C08,1,24,CD28,2,cd19+,cd8,3,2870,0.170356740072416
C08,1,24,CD28,2,cd19+,cd8,4,166,0.00985338635958924
C08,1,33,CD28,2,cd19+,cd8,0,619,0.0704690346083789
C08,1,33,CD28,2,cd19+,cd8,1,2430,0.276639344262295
C08,1,33,CD28,2,cd19+,cd8,2,3586,0.408242258652095
C08,1,33,CD28,2,cd19+,cd8,3,2059,0.234403460837887
C08,1,33,CD28,2,cd19+,cd8,4,90,0.0102459016393443
C09,1,6,CD28,2,cd19+,cd8,0,8930,0.136492166602981
C09,1,6,CD28,2,cd19+,cd8,1,20151,0.308001528467711
C09,1,6,CD28,2,cd19+,cd8,2,22141,0.338418035918991
C09,1,6,CD28,2,cd19+,cd8,3,12072,0.184516622086358
C09,1,6,CD28,2,cd19+,cd8,4,2131,0.0325716469239587
C09,1,15,CD28,2,cd19+,cd8,0,1926,0.171535447096544
C09,1,15,CD28,2,cd19+,cd8,1,4006,0.356786604916281
C09,1,15,CD28,2,cd19+,cd8,2,3554,0.316530103313146
C09,1,15,CD28,2,cd19+,cd8,3,1564,0.139294620591379
C09,1,15,CD28,2,cd19+,cd8,4,178,0.0158532240826505
C09,1,24,CD28,2,cd19+,cd8,0,2621,0.166942675159236
C09,1,24,CD28,2,cd19+,cd8,1,5155,0.328343949044586
C09,1,24,CD28,2,cd19+,cd8,2,5018,0.319617834394904
C09,1,24,CD28,2,cd19+,cd8,3,2770,0.176433121019108
C09,1,24,CD28,2,cd19+,cd8,4,136,0.00866242038216561
C09,1,33,CD28,2,cd19+,cd8,0,504,0.0673616680032077
C09,1,33,CD28,2,cd19+,cd8,1,2131,0.284816893878642
C09,1,33,CD28,2,cd19+,cd8,2,3072,0.410585404971933
C09,1,33,CD28,2,cd19+,cd8,3,1721,0.230018711574445
C09,1,33,CD28,2,cd19+,cd8,4,54,0.00721732157177225
H02,1,6,zeta,1,cd19+,cd8,0,1523,0.081179041628911
H02,1,6,zeta,1,cd19+,cd8,1,8485,0.452268002771707
H02,1,6,zeta,1,cd19+,cd8,2,7076,0.377165396300837
H02,1,6,zeta,1,cd19+,cd8,3,1580,0.0842172592079314
H02,1,6,zeta,1,cd19+,cd8,4,97,0.00517030009061351
H02,1,15,zeta,1,cd19+,cd8,0,1,0.00212314225053079
H02,1,15,zeta,1,cd19+,cd8,1,27,0.0573248407643312
H02,1,15,zeta,1,cd19+,cd8,2,126,0.267515923566879
H02,1,15,zeta,1,cd19+,cd8,3,236,0.501061571125265
H02,1,15,zeta,1,cd19+,cd8,4,81,0.171974522292994
H03,1,6,zeta,1,cd19+,cd8,0,1300,0.0732270602151749
H03,1,6,zeta,1,cd19+,cd8,1,8094,0.455922942601251
H03,1,6,zeta,1,cd19+,cd8,2,6510,0.366698586154453
H03,1,6,zeta,1,cd19+,cd8,3,1692,0.095307835295443
H03,1,6,zeta,1,cd19+,cd8,4,157,0.00884357573367882
H03,1,15,zeta,1,cd19+,cd8,0,0,0
H03,1,15,zeta,1,cd19+,cd8,1,14,0.0512820512820513
H03,1,15,zeta,1,cd19+,cd8,2,88,0.322344322344322
H03,1,15,zeta,1,cd19+,cd8,3,140,0.512820512820513
H03,1,15,zeta,1,cd19+,cd8,4,31,0.113553113553114
H07,1,6,zeta,2,cd19+,cd8,0,11418,0.498711509063114
H07,1,6,zeta,2,cd19+,cd8,1,8445,0.368857829220354
H07,1,6,zeta,2,cd19+,cd8,2,2627,0.114741209871151
H07,1,6,zeta,2,cd19+,cd8,3,375,0.0163791220790566
H07,1,6,zeta,2,cd19+,cd8,4,30,0.00131032976632453
H07,1,15,zeta,2,cd19+,cd8,0,55,0.00848634469989199
H07,1,15,zeta,2,cd19+,cd8,1,599,0.0924240086406419
H07,1,15,zeta,2,cd19+,cd8,2,2423,0.373862058324333
H07,1,15,zeta,2,cd19+,cd8,3,2357,0.363678444684462
H07,1,15,zeta,2,cd19+,cd8,4,1047,0.161549143650671
H08,1,6,zeta,2,cd19+,cd8,0,9786,0.469127516778524
H08,1,6,zeta,2,cd19+,cd8,1,7896,0.378523489932886
H08,1,6,zeta,2,cd19+,cd8,2,2718,0.130297219558965
H08,1,6,zeta,2,cd19+,cd8,3,421,0.0201821668264621
H08,1,6,zeta,2,cd19+,cd8,4,39,0.00186960690316395
H08,1,15,zeta,2,cd19+,cd8,0,46,0.00945918157515937
H08,1,15,zeta,2,cd19+,cd8,1,381,0.0783466995681678
H08,1,15,zeta,2,cd19+,cd8,2,1480,0.304338885461649
H08,1,15,zeta,2,cd19+,cd8,3,1920,0.394818013571869
H08,1,15,zeta,2,cd19+,cd8,4,1036,0.213037219823154
H09,1,6,zeta,2,cd19+,cd8,0,10451,0.491418629802041
H09,1,6,zeta,2,cd19+,cd8,1,7979,0.375182207175436
H09,1,6,zeta,2,cd19+,cd8,2,2481,0.116659613485682
H09,1,6,zeta,2,cd19+,cd8,3,327,0.0153759345464805
H09,1,6,zeta,2,cd19+,cd8,4,29,0.00136361499036065
H09,1,15,zeta,2,cd19+,cd8,0,26,0.00914205344585091
H09,1,15,zeta,2,cd19+,cd8,1,237,0.0833333333333333
H09,1,15,zeta,2,cd19+,cd8,2,876,0.308016877637131
H09,1,15,zeta,2,cd19+,cd8,3,1119,0.393459915611814
H09,1,15,zeta,2,cd19+,cd8,4,586,0.206047819971871
A01,1,6,41BB,1,cd19+,cd4,0,5461,0.0749993133188673
A01,1,6,41BB,1,cd19+,cd4,1,19323,0.265374790562255
A01,1,6,41BB,1,cd19+,cd4,2,24853,0.341321723844316
A01,1,6,41BB,1,cd19+,cd4,3,16247,0.223130167275524
A01,1,6,41BB,1,cd19+,cd4,4,6930,0.0951740049990386
A01,1,15,41BB,1,cd19+,cd4,0,1023,0.0423181931000248
A01,1,15,41BB,1,cd19+,cd4,1,6057,0.250558451228593
A01,1,15,41BB,1,cd19+,cd4,2,9160,0.378919500289567
A01,1,15,41BB,1,cd19+,cd4,3,6120,0.253164556962025
A01,1,15,41BB,1,cd19+,cd4,4,1814,0.0750392984197899
A01,1,33,41BB,1,cd19+,cd4,0,223,0.02861542409855
A01,1,33,41BB,1,cd19+,cd4,1,1159,0.148723213139997
A01,1,33,41BB,1,cd19+,cd4,2,2763,0.354548954189657
A01,1,33,41BB,1,cd19+,cd4,3,2414,0.30976517387399
A01,1,33,41BB,1,cd19+,cd4,4,1234,0.158347234697806
A02,1,6,41BB,1,cd19+,cd4,0,5330,0.0933989871554489
A02,1,6,41BB,1,cd19+,cd4,1,17034,0.298491247130566
A02,1,6,41BB,1,cd19+,cd4,2,19660,0.344507333485202
A02,1,6,41BB,1,cd19+,cd4,3,10602,0.18578162510733
A02,1,6,41BB,1,cd19+,cd4,4,4441,0.0778208071214537
A02,1,15,41BB,1,cd19+,cd4,0,1913,0.0621406529153809
A02,1,15,41BB,1,cd19+,cd4,1,10918,0.35465324021439
A02,1,15,41BB,1,cd19+,cd4,2,11883,0.385999675166477
A02,1,15,41BB,1,cd19+,cd4,3,4930,0.160142926750041
A02,1,15,41BB,1,cd19+,cd4,4,1141,0.0370635049537112
A02,1,24,41BB,1,cd19+,cd4,0,349,0.0357435477263417
A02,1,24,41BB,1,cd19+,cd4,1,2411,0.246927488734125
A02,1,24,41BB,1,cd19+,cd4,2,4556,0.466612044244162
A02,1,24,41BB,1,cd19+,cd4,3,2402,0.246005735354363
A02,1,24,41BB,1,cd19+,cd4,4,46,0.00471118394100778
A02,1,33,41BB,1,cd19+,cd4,0,218,0.0245081506464306
A02,1,33,41BB,1,cd19+,cd4,1,1243,0.139741427768409
A02,1,33,41BB,1,cd19+,cd4,2,3132,0.352107925801012
A02,1,33,41BB,1,cd19+,cd4,3,2803,0.315120854412591
A02,1,33,41BB,1,cd19+,cd4,4,1499,0.168521641371557
A03,1,6,41BB,1,cd19+,cd4,0,6316,0.100206250991591
A03,1,6,41BB,1,cd19+,cd4,1,19273,0.305775027764557
A03,1,6,41BB,1,cd19+,cd4,2,21590,0.342535300650484
A03,1,6,41BB,1,cd19+,cd4,3,11286,0.179057591623037
A03,1,6,41BB,1,cd19+,cd4,4,4565,0.0724258289703316
A03,1,15,41BB,1,cd19+,cd4,0,1875,0.0557355607740555
A03,1,15,41BB,1,cd19+,cd4,1,10687,0.31767783359591
A03,1,15,41BB,1,cd19+,cd4,2,13152,0.390951517493535
A03,1,15,41BB,1,cd19+,cd4,3,6283,0.186766148449808
A03,1,15,41BB,1,cd19+,cd4,4,1644,0.0488689396866918
A03,1,24,41BB,1,cd19+,cd4,0,379,0.0364879175892943
A03,1,24,41BB,1,cd19+,cd4,1,2838,0.273226148069703
A03,1,24,41BB,1,cd19+,cd4,2,4737,0.456050832771734
A03,1,24,41BB,1,cd19+,cd4,3,2394,0.230480408202561
A03,1,24,41BB,1,cd19+,cd4,4,39,0.00375469336670839
A03,1,33,41BB,1,cd19+,cd4,0,259,0.0280606717226436
A03,1,33,41BB,1,cd19+,cd4,1,1313,0.142253521126761
A03,1,33,41BB,1,cd19+,cd4,2,3343,0.362188515709642
A03,1,33,41BB,1,cd19+,cd4,3,2894,0.313542795232936
A03,1,33,41BB,1,cd19+,cd4,4,1421,0.153954496208017
A07,1,6,41BB,2,cd19+,cd4,0,19358,0.265439885914875
A07,1,6,41BB,2,cd19+,cd4,1,31184,0.427599824484423
A07,1,6,41BB,2,cd19+,cd4,2,16178,0.221835234752084
A07,1,6,41BB,2,cd19+,cd4,3,5987,0.0820946687143484
A07,1,6,41BB,2,cd19+,cd4,4,221,0.00303038613426942
A07,1,15,41BB,2,cd19+,cd4,0,8142,0.341526845637584
A07,1,15,41BB,2,cd19+,cd4,1,8855,0.371434563758389
A07,1,15,41BB,2,cd19+,cd4,2,4924,0.206543624161074
A07,1,15,41BB,2,cd19+,cd4,3,1642,0.0688758389261745
A07,1,15,41BB,2,cd19+,cd4,4,277,0.0116191275167785
A07,1,24,41BB,2,cd19+,cd4,0,2804,0.276011418446698
A07,1,24,41BB,2,cd19+,cd4,1,3984,0.392164583128261
A07,1,24,41BB,2,cd19+,cd4,2,2770,0.272664632345703
A07,1,24,41BB,2,cd19+,cd4,3,585,0.0575844079141648
A07,1,24,41BB,2,cd19+,cd4,4,16,0.00157495816517374
A07,1,33,41BB,2,cd19+,cd4,0,4032,0.22031582973608
A07,1,33,41BB,2,cd19+,cd4,1,7197,0.393257199060161
A07,1,33,41BB,2,cd19+,cd4,2,5302,0.289710944757117
A07,1,33,41BB,2,cd19+,cd4,3,1604,0.0876454838533414
A07,1,33,41BB,2,cd19+,cd4,4,166,0.00907054259330091
A08,1,6,41BB,2,cd19+,cd4,0,18417,0.260196945507975
A08,1,6,41BB,2,cd19+,cd4,1,30936,0.437066444384793
A08,1,6,41BB,2,cd19+,cd4,2,15463,0.218462581766293
A08,1,6,41BB,2,cd19+,cd4,3,5765,0.0814484112968169
A08,1,6,41BB,2,cd19+,cd4,4,200,0.00282561704412201
A08,1,15,41BB,2,cd19+,cd4,0,6705,0.308275862068966
A08,1,15,41BB,2,cd19+,cd4,1,8322,0.382620689655172
A08,1,15,41BB,2,cd19+,cd4,2,4766,0.219126436781609
A08,1,15,41BB,2,cd19+,cd4,3,1638,0.0753103448275862
A08,1,15,41BB,2,cd19+,cd4,4,319,0.0146666666666667
A08,1,24,41BB,2,cd19+,cd4,0,2761,0.26054543738794
A08,1,24,41BB,2,cd19+,cd4,1,4182,0.394639992450694
A08,1,24,41BB,2,cd19+,cd4,2,2955,0.278852505426064
A08,1,24,41BB,2,cd19+,cd4,3,677,0.0638860054732472
A08,1,24,41BB,2,cd19+,cd4,4,22,0.0020760592620553
A08,1,33,41BB,2,cd19+,cd4,0,3401,0.182643252242092
A08,1,33,41BB,2,cd19+,cd4,1,6489,0.348477525374577
A08,1,33,41BB,2,cd19+,cd4,2,6095,0.327318618763761
A08,1,33,41BB,2,cd19+,cd4,3,2302,0.123623865528167
A08,1,33,41BB,2,cd19+,cd4,4,334,0.0179367380914022
A09,1,6,41BB,2,cd19+,cd4,0,18566,0.268039153408599
A09,1,6,41BB,2,cd19+,cd4,1,29758,0.429619149366211
A09,1,6,41BB,2,cd19+,cd4,2,15188,0.21927063783097
A09,1,6,41BB,2,cd19+,cd4,3,5510,0.0795484075881385
A09,1,6,41BB,2,cd19+,cd4,4,244,0.00352265180608091
A09,1,15,41BB,2,cd19+,cd4,0,7769,0.352367561683599
A09,1,15,41BB,2,cd19+,cd4,1,8142,0.369285195936139
A09,1,15,41BB,2,cd19+,cd4,2,4492,0.203737300435414
A09,1,15,41BB,2,cd19+,cd4,3,1408,0.0638606676342525
A09,1,15,41BB,2,cd19+,cd4,4,237,0.0107492743105951
A09,1,24,41BB,2,cd19+,cd4,0,3035,0.292840602084137
A09,1,24,41BB,2,cd19+,cd4,1,4088,0.394442300270166
A09,1,24,41BB,2,cd19+,cd4,2,2688,0.259359320725589
A09,1,24,41BB,2,cd19+,cd4,3,535,0.0516209957545349
A09,1,24,41BB,2,cd19+,cd4,4,18,0.00173678116557314
A09,1,33,41BB,2,cd19+,cd4,0,4257,0.253332539871459
A09,1,33,41BB,2,cd19+,cd4,1,6509,0.387348250416568
A09,1,33,41BB,2,cd19+,cd4,2,4585,0.27285170197572
A09,1,33,41BB,2,cd19+,cd4,3,1305,0.0776600809331112
A09,1,33,41BB,2,cd19+,cd4,4,148,0.00880742680314211
C01,1,6,CD28,1,cd19+,cd4,0,659,0.0266230355916455
C01,1,6,CD28,1,cd19+,cd4,1,4543,0.183533309093847
C01,1,6,CD28,1,cd19+,cd4,2,8699,0.351432149638428
C01,1,6,CD28,1,cd19+,cd4,3,7319,0.295681331555771
C01,1,6,CD28,1,cd19+,cd4,4,3533,0.142730174120309
C01,1,15,CD28,1,cd19+,cd4,0,1165,0.0346581781400607
C01,1,15,CD28,1,cd19+,cd4,1,6061,0.180311774855715
C01,1,15,CD28,1,cd19+,cd4,2,13163,0.391592788718986
C01,1,15,CD28,1,cd19+,cd4,3,9887,0.294133396798953
C01,1,15,CD28,1,cd19+,cd4,4,3338,0.0993038614862855
C02,1,6,CD28,1,cd19+,cd4,0,643,0.0279808529155788
C02,1,6,CD28,1,cd19+,cd4,1,4606,0.200435161009574
C02,1,6,CD28,1,cd19+,cd4,2,8839,0.384638816362054
C02,1,6,CD28,1,cd19+,cd4,3,6666,0.290078328981723
C02,1,6,CD28,1,cd19+,cd4,4,2226,0.0968668407310705
C02,1,15,CD28,1,cd19+,cd4,0,1223,0.0359135490691255
C02,1,15,CD28,1,cd19+,cd4,1,6729,0.197597932695131
C02,1,15,CD28,1,cd19+,cd4,2,16448,0.48299759205967
C02,1,15,CD28,1,cd19+,cd4,3,7722,0.226757502789687
C02,1,15,CD28,1,cd19+,cd4,4,1932,0.0567334233863863
C02,1,24,CD28,1,cd19+,cd4,0,1637,0.0348713360599864
C02,1,24,CD28,1,cd19+,cd4,1,11474,0.244418882072256
C02,1,24,CD28,1,cd19+,cd4,2,27003,0.575217280163599
C02,1,24,CD28,1,cd19+,cd4,3,6303,0.1342663599182
C02,1,24,CD28,1,cd19+,cd4,4,527,0.0112261417859577
C03,1,6,CD28,1,cd19+,cd4,0,1227,0.0431966203133251
C03,1,6,CD28,1,cd19+,cd4,1,7007,0.246681922196796
C03,1,6,CD28,1,cd19+,cd4,2,11044,0.388804787889456
C03,1,6,CD28,1,cd19+,cd4,3,7003,0.246541101918676
C03,1,6,CD28,1,cd19+,cd4,4,2124,0.0747755676817462
C03,1,15,CD28,1,cd19+,cd4,0,1238,0.038835560574691
C03,1,15,CD28,1,cd19+,cd4,1,6632,0.208043164564904
C03,1,15,CD28,1,cd19+,cd4,2,15980,0.501286153460067
C03,1,15,CD28,1,cd19+,cd4,3,6598,0.206976598280946
C03,1,15,CD28,1,cd19+,cd4,4,1430,0.0448585231193927
C07,1,6,CD28,2,cd19+,cd4,0,3259,0.120941106616692
C07,1,6,CD28,2,cd19+,cd4,1,11810,0.438267710691357
C07,1,6,CD28,2,cd19+,cd4,2,8701,0.322893086428916
C07,1,6,CD28,2,cd19+,cd4,3,3143,0.116636360262738
C07,1,6,CD28,2,cd19+,cd4,4,34,0.00126173600029688
C07,1,15,CD28,2,cd19+,cd4,0,9869,0.262069148653673
C07,1,15,CD28,2,cd19+,cd4,1,18362,0.487598916564873
C07,1,15,CD28,2,cd19+,cd4,2,7028,0.186627011524776
C07,1,15,CD28,2,cd19+,cd4,3,2102,0.0558181528493282
C07,1,15,CD28,2,cd19+,cd4,4,297,0.00788677040735036
C07,1,24,CD28,2,cd19+,cd4,0,17403,0.255086186679175
C07,1,24,CD28,2,cd19+,cd4,1,37573,0.550729948405253
C07,1,24,CD28,2,cd19+,cd4,2,11451,0.167844160412758
C07,1,24,CD28,2,cd19+,cd4,3,1679,0.024610107879925
C07,1,24,CD28,2,cd19+,cd4,4,118,0.00172959662288931
C07,1,33,CD28,2,cd19+,cd4,0,739,0.0984939357590297
C07,1,33,CD28,2,cd19+,cd4,1,4355,0.580434492869519
C07,1,33,CD28,2,cd19+,cd4,2,2110,0.281220844995335
C07,1,33,CD28,2,cd19+,cd4,3,291,0.0387844862055178
C07,1,33,CD28,2,cd19+,cd4,4,8,0.00106624017059843
C08,1,15,CD28,2,cd19+,cd4,0,10083,0.238967625728777
C08,1,15,CD28,2,cd19+,cd4,1,19947,0.472744940038868
C08,1,15,CD28,2,cd19+,cd4,2,8962,0.212399867279708
C08,1,15,CD28,2,cd19+,cd4,3,2823,0.0669052471915438
C08,1,15,CD28,2,cd19+,cd4,4,379,0.00898231976110347
C08,1,24,CD28,2,cd19+,cd4,0,18607,0.263719598616702
C08,1,24,CD28,2,cd19+,cd4,1,38206,0.541498951187709
C08,1,24,CD28,2,cd19+,cd4,2,11746,0.166477691479109
C08,1,24,CD28,2,cd19+,cd4,3,1870,0.0265037700549918
C08,1,24,CD28,2,cd19+,cd4,4,127,0.00179998866148875
C08,1,33,CD28,2,cd19+,cd4,0,713,0.102383687535899
C08,1,33,CD28,2,cd19+,cd4,1,3954,0.567777139574957
C08,1,33,CD28,2,cd19+,cd4,2,2040,0.292935094773119
C08,1,33,CD28,2,cd19+,cd4,3,253,0.0363296955772545
C08,1,33,CD28,2,cd19+,cd4,4,4,0.000574382538770821
C09,1,6,CD28,2,cd19+,cd4,0,3038,0.128407794074137
C09,1,6,CD28,2,cd19+,cd4,1,10077,0.425926708652099
C09,1,6,CD28,2,cd19+,cd4,2,7973,0.336996491821294
C09,1,6,CD28,2,cd19+,cd4,3,2535,0.107147385772856
C09,1,6,CD28,2,cd19+,cd4,4,36,0.00152161967961452
C09,1,15,CD28,2,cd19+,cd4,0,10232,0.255755242832504
C09,1,15,CD28,2,cd19+,cd4,1,18712,0.467718149323868
C09,1,15,CD28,2,cd19+,cd4,2,7931,0.198240307946109
C09,1,15,CD28,2,cd19+,cd4,3,2702,0.0675381808183568
C09,1,15,CD28,2,cd19+,cd4,4,430,0.0107481190791611
C09,1,24,CD28,2,cd19+,cd4,0,15780,0.242135952125211
C09,1,24,CD28,2,cd19+,cd4,1,35949,0.551618843025932
C09,1,24,CD28,2,cd19+,cd4,2,11505,0.176538284486727
C09,1,24,CD28,2,cd19+,cd4,3,1801,0.027635415068283
C09,1,24,CD28,2,cd19+,cd4,4,135,0.00207150529384686
C09,1,33,CD28,2,cd19+,cd4,0,672,0.118748895564587
C09,1,33,CD28,2,cd19+,cd4,1,3268,0.577487188549214
C09,1,33,CD28,2,cd19+,cd4,2,1545,0.27301643399894
C09,1,33,CD28,2,cd19+,cd4,3,167,0.0295105142251281
C09,1,33,CD28,2,cd19+,cd4,4,7,0.00123696766213112
H01,1,6,zeta,1,cd19+,cd4,0,4661,0.107676669669878
H01,1,6,zeta,1,cd19+,cd4,1,12658,0.292420357151108
H01,1,6,zeta,1,cd19+,cd4,2,15064,0.348002864601382
H01,1,6,zeta,1,cd19+,cd4,3,8523,0.196895141728464
H01,1,6,zeta,1,cd19+,cd4,4,2381,0.0550049668491695
H01,1,15,zeta,1,cd19+,cd4,0,128,0.012896725440806
H01,1,15,zeta,1,cd19+,cd4,1,917,0.0923929471032746
H01,1,15,zeta,1,cd19+,cd4,2,2306,0.232342569269521
H01,1,15,zeta,1,cd19+,cd4,3,4599,0.463375314861461
H01,1,15,zeta,1,cd19+,cd4,4,1975,0.198992443324937
H01,1,33,zeta,1,cd19+,cd4,0,156,0.0269523151347616
H01,1,33,zeta,1,cd19+,cd4,1,1306,0.225639253628196
H01,1,33,zeta,1,cd19+,cd4,2,2779,0.480131306150657
H01,1,33,zeta,1,cd19+,cd4,3,1211,0.20922598479613
H01,1,33,zeta,1,cd19+,cd4,4,336,0.0580511402902557
H02,1,6,zeta,1,cd19+,cd4,0,6224,0.123971715964545
H02,1,6,zeta,1,cd19+,cd4,1,17066,0.339926302161139
H02,1,6,zeta,1,cd19+,cd4,2,17241,0.343412010755901
H02,1,6,zeta,1,cd19+,cd4,3,7610,0.151578528035056
H02,1,6,zeta,1,cd19+,cd4,4,2064,0.0411114430833582
H02,1,15,zeta,1,cd19+,cd4,0,245,0.0202646815550041
H02,1,15,zeta,1,cd19+,cd4,1,1383,0.11439205955335
H02,1,15,zeta,1,cd19+,cd4,2,3300,0.272952853598015
H02,1,15,zeta,1,cd19+,cd4,3,5095,0.421422663358147
H02,1,15,zeta,1,cd19+,cd4,4,2067,0.170967741935484
H02,1,24,zeta,1,cd19+,cd4,0,488,0.0518211744717001
H02,1,24,zeta,1,cd19+,cd4,1,2007,0.213125199107996
H02,1,24,zeta,1,cd19+,cd4,2,3972,0.421790379101625
H02,1,24,zeta,1,cd19+,cd4,3,2852,0.302856536051821
H02,1,24,zeta,1,cd19+,cd4,4,98,0.0104067112668578
H02,1,33,zeta,1,cd19+,cd4,0,238,0.0311436796650092
H02,1,33,zeta,1,cd19+,cd4,1,1856,0.242868359068307
H02,1,33,zeta,1,cd19+,cd4,2,3716,0.486260141324261
H02,1,33,zeta,1,cd19+,cd4,3,1421,0.185946087411672
H02,1,33,zeta,1,cd19+,cd4,4,411,0.0537817325307511
H03,1,6,zeta,1,cd19+,cd4,0,7932,0.131431127901775
H03,1,6,zeta,1,cd19+,cd4,1,21583,0.357624562973273
H03,1,6,zeta,1,cd19+,cd4,2,20827,0.345097844277642
H03,1,6,zeta,1,cd19+,cd4,3,8143,0.134927341717619
H03,1,6,zeta,1,cd19+,cd4,4,1866,0.0309191231296913
H03,1,15,zeta,1,cd19+,cd4,0,295,0.0209725579411347
H03,1,15,zeta,1,cd19+,cd4,1,1886,0.134082183989763
H03,1,15,zeta,1,cd19+,cd4,2,4081,0.290132233755154
H03,1,15,zeta,1,cd19+,cd4,3,5726,0.407080904308261
H03,1,15,zeta,1,cd19+,cd4,4,2078,0.147732120005687
H03,1,24,zeta,1,cd19+,cd4,0,556,0.0508924485125858
H03,1,24,zeta,1,cd19+,cd4,1,2242,0.205217391304348
H03,1,24,zeta,1,cd19+,cd4,2,5063,0.463432494279176
H03,1,24,zeta,1,cd19+,cd4,3,2900,0.265446224256293
H03,1,24,zeta,1,cd19+,cd4,4,164,0.0150114416475973
H03,1,33,zeta,1,cd19+,cd4,0,243,0.0318437950465208
H03,1,33,zeta,1,cd19+,cd4,1,1756,0.230114008648932
H03,1,33,zeta,1,cd19+,cd4,2,3645,0.477656925697812
H03,1,33,zeta,1,cd19+,cd4,3,1491,0.195387236273097
H03,1,33,zeta,1,cd19+,cd4,4,496,0.0649980343336391
H07,1,6,zeta,2,cd19+,cd4,0,14800,0.228963938179737
H07,1,6,zeta,2,cd19+,cd4,1,32956,0.509846996395365
H07,1,6,zeta,2,cd19+,cd4,2,13532,0.209347298070824
H07,1,6,zeta,2,cd19+,cd4,3,3328,0.0514859450177138
H07,1,6,zeta,2,cd19+,cd4,4,23,0.000355822336360402
H07,1,15,zeta,2,cd19+,cd4,0,7114,0.506298484093659
H07,1,15,zeta,2,cd19+,cd4,1,4630,0.329513913600456
H07,1,15,zeta,2,cd19+,cd4,2,1911,0.136004554835955
H07,1,15,zeta,2,cd19+,cd4,3,364,0.0259056294925628
H07,1,15,zeta,2,cd19+,cd4,4,32,0.00227741797736816
H07,1,24,zeta,2,cd19+,cd4,0,2047,0.341223537256209
H07,1,24,zeta,2,cd19+,cd4,1,2580,0.430071678613102
H07,1,24,zeta,2,cd19+,cd4,2,1115,0.185864310718453
H07,1,24,zeta,2,cd19+,cd4,3,249,0.0415069178196366
H07,1,24,zeta,2,cd19+,cd4,4,8,0.00133355559259877
H08,1,6,zeta,2,cd19+,cd4,0,14689,0.217827801998992
H08,1,6,zeta,2,cd19+,cd4,1,34645,0.513761603938666
H08,1,6,zeta,2,cd19+,cd4,2,14408,0.21366076459946
H08,1,6,zeta,2,cd19+,cd4,3,3666,0.0543642672835662
H08,1,6,zeta,2,cd19+,cd4,4,26,0.000385562179316072
H08,1,15,zeta,2,cd19+,cd4,0,6903,0.501489284417
H08,1,15,zeta,2,cd19+,cd4,1,4571,0.332074100980748
H08,1,15,zeta,2,cd19+,cd4,2,1912,0.138903014892844
H08,1,15,zeta,2,cd19+,cd4,3,352,0.0255721031601889
H08,1,15,zeta,2,cd19+,cd4,4,27,0.00196149654921903
H08,1,24,zeta,2,cd19+,cd4,0,2132,0.329673728158342
H08,1,24,zeta,2,cd19+,cd4,1,2889,0.446729550023195
H08,1,24,zeta,2,cd19+,cd4,2,1173,0.181382402968919
H08,1,24,zeta,2,cd19+,cd4,3,263,0.040668006803773
H08,1,24,zeta,2,cd19+,cd4,4,10,0.00154631204577084
H09,1,6,zeta,2,cd19+,cd4,0,14263,0.228186094134963
H09,1,6,zeta,2,cd19+,cd4,1,31928,0.510798963299523
H09,1,6,zeta,2,cd19+,cd4,2,13078,0.209227914120244
H09,1,6,zeta,2,cd19+,cd4,3,3219,0.0514990560906153
H09,1,6,zeta,2,cd19+,cd4,4,18,0.000287972354653953
H09,1,15,zeta,2,cd19+,cd4,0,6936,0.503265128428385
H09,1,15,zeta,2,cd19+,cd4,1,4520,0.327964011028878
H09,1,15,zeta,2,cd19+,cd4,2,1955,0.141851690610942
H09,1,15,zeta,2,cd19+,cd4,3,343,0.0248875344652445
H09,1,15,zeta,2,cd19+,cd4,4,28,0.00203163546655057
H09,1,24,zeta,2,cd19+,cd4,0,2352,0.337931034482759
H09,1,24,zeta,2,cd19+,cd4,1,2986,0.429022988505747
H09,1,24,zeta,2,cd19+,cd4,2,1332,0.191379310344828
H09,1,24,zeta,2,cd19+,cd4,3,281,0.0403735632183908
H09,1,24,zeta,2,cd19+,cd4,4,9,0.00129310344827586
H09,1,33,zeta,2,cd19+,cd4,0,135,0.176240208877285
H09,1,33,zeta,2,cd19+,cd4,1,392,0.511749347258486
H09,1,33,zeta,2,cd19+,cd4,2,185,0.241514360313316
H09,1,33,zeta,2,cd19+,cd4,3,52,0.0678851174934726
H09,1,33,zeta,2,cd19+,cd4,4,2,0.00261096605744125
A01,1,0,41BB,1,cd19+,cd8,0,3643,0.210748582668055
A01,1,0,41BB,1,cd19+,cd8,1,5677,0.32841605923869
A01,1,0,41BB,1,cd19+,cd8,2,4607,0.266516255929654
A01,1,0,41BB,1,cd19+,cd8,3,2369,0.137047321531876
A01,1,0,41BB,1,cd19+,cd8,4,990,0.0572717806317251
A01,2,6,untrans,1,cd19+,cd8,0,4096,0.380563040044597
A01,2,6,untrans,1,cd19+,cd8,1,4781,0.444207005481743
A01,2,6,untrans,1,cd19+,cd8,2,1593,0.148007061228282
A01,2,6,untrans,1,cd19+,cd8,3,251,0.0233206355105454
A01,2,6,untrans,1,cd19+,cd8,4,42,0.0039022577348323
A02,1,0,41BB,1,cd19+,cd8,0,4119,0.243900994789199
A02,1,0,41BB,1,cd19+,cd8,1,5792,0.342965419232591
A02,1,0,41BB,1,cd19+,cd8,2,4072,0.241117953576504
A02,1,0,41BB,1,cd19+,cd8,3,2054,0.121624822359072
A02,1,0,41BB,1,cd19+,cd8,4,851,0.0503908100426338
A02,2,6,untrans,1,cd19+,cd8,0,2932,0.372554002541296
A02,2,6,untrans,1,cd19+,cd8,1,3391,0.430876747141042
A02,2,6,untrans,1,cd19+,cd8,2,1295,0.164548919949174
A02,2,6,untrans,1,cd19+,cd8,3,218,0.0277001270648031
A02,2,6,untrans,1,cd19+,cd8,4,34,0.00432020330368488
A03,1,0,41BB,1,cd19+,cd8,0,5043,0.266149461684611
A03,1,0,41BB,1,cd19+,cd8,1,6407,0.338135951023855
A03,1,0,41BB,1,cd19+,cd8,2,4459,0.23532826683555
A03,1,0,41BB,1,cd19+,cd8,3,2165,0.114260080219548
A03,1,0,41BB,1,cd19+,cd8,4,874,0.0461262402364366
A03,2,6,untrans,1,cd19+,cd8,0,4294,0.379362134464175
A03,2,6,untrans,1,cd19+,cd8,1,5032,0.444562240480608
A03,2,6,untrans,1,cd19+,cd8,2,1654,0.146125982860677
A03,2,6,untrans,1,cd19+,cd8,3,294,0.025974025974026
A03,2,6,untrans,1,cd19+,cd8,4,45,0.00397561622051418
A04,1,0,41BB,2,cd19+,cd8,0,5406,0.444426175600132
A04,1,0,41BB,2,cd19+,cd8,1,4155,0.341581716540612
A04,1,0,41BB,2,cd19+,cd8,2,1849,0.152005919105557
A04,1,0,41BB,2,cd19+,cd8,3,688,0.0565603419927655
A04,1,0,41BB,2,cd19+,cd8,4,66,0.0054258467609339
A04,2,6,untrans,2,cd19+,cd8,0,8705,0.749139414802065
A04,2,6,untrans,2,cd19+,cd8,1,2521,0.216953528399312
A04,2,6,untrans,2,cd19+,cd8,2,329,0.0283132530120482
A04,2,6,untrans,2,cd19+,cd8,3,52,0.0044750430292599
A04,2,6,untrans,2,cd19+,cd8,4,13,0.00111876075731497
A05,1,0,41BB,2,cd19+,cd8,0,5097,0.425992478061011
A05,1,0,41BB,2,cd19+,cd8,1,4255,0.355620559966569
A05,1,0,41BB,2,cd19+,cd8,2,1916,0.160133723359799
A05,1,0,41BB,2,cd19+,cd8,3,622,0.0519849561220226
A05,1,0,41BB,2,cd19+,cd8,4,75,0.00626828249059758
A05,2,6,untrans,2,cd19+,cd8,0,9795,0.725340639810427
A05,2,6,untrans,2,cd19+,cd8,1,3150,0.233264218009479
A05,2,6,untrans,2,cd19+,cd8,2,492,0.0364336492890995
A05,2,6,untrans,2,cd19+,cd8,3,56,0.00414691943127962
A05,2,6,untrans,2,cd19+,cd8,4,11,0.00081457345971564
A06,1,0,41BB,2,cd19+,cd8,0,6090,0.408067542213884
A06,1,0,41BB,2,cd19+,cd8,1,5558,0.372420262664165
A06,1,0,41BB,2,cd19+,cd8,2,2379,0.159407665505226
A06,1,0,41BB,2,cd19+,cd8,3,793,0.0531358885017422
A06,1,0,41BB,2,cd19+,cd8,4,104,0.00696864111498258
A06,2,6,untrans,2,cd19+,cd8,0,10392,0.750595882990249
A06,2,6,untrans,2,cd19+,cd8,1,3011,0.217479234380643
A06,2,6,untrans,2,cd19+,cd8,2,384,0.0277356446370531
A06,2,6,untrans,2,cd19+,cd8,3,43,0.00310581437342001
A06,2,6,untrans,2,cd19+,cd8,4,15,0.00108342361863489
A07,1,0,untrans,1,cd19+,cd8,0,3135,0.297720797720798
A07,1,0,untrans,1,cd19+,cd8,1,3917,0.371984805318139
A07,1,0,untrans,1,cd19+,cd8,2,2749,0.261063627730294
A07,1,0,untrans,1,cd19+,cd8,3,688,0.0653371320037987
A07,1,0,untrans,1,cd19+,cd8,4,41,0.00389363722697056
A08,1,0,untrans,1,cd19+,cd8,0,4803,0.313737017440721
A08,1,0,untrans,1,cd19+,cd8,1,5814,0.379776601998824
A08,1,0,untrans,1,cd19+,cd8,2,3842,0.250963485531387
A08,1,0,untrans,1,cd19+,cd8,3,820,0.0535632634398067
A08,1,0,untrans,1,cd19+,cd8,4,30,0.00195963158926122
A09,1,0,untrans,1,cd19+,cd8,0,3547,0.265097159940209
A09,1,0,untrans,1,cd19+,cd8,1,5053,0.377653213751868
A09,1,0,untrans,1,cd19+,cd8,2,3876,0.289686098654709
A09,1,0,untrans,1,cd19+,cd8,3,848,0.0633781763826607
A09,1,0,untrans,1,cd19+,cd8,4,56,0.00418535127055307
A10,1,0,untrans,2,cd19+,cd8,0,6117,0.56047278724574
A10,1,0,untrans,2,cd19+,cd8,1,3948,0.361737218251787
A10,1,0,untrans,2,cd19+,cd8,2,796,0.0729338464357706
A10,1,0,untrans,2,cd19+,cd8,3,52,0.0047645226314825
A10,1,0,untrans,2,cd19+,cd8,4,1,9.16254352208173e-05
A11,1,0,untrans,2,cd19+,cd8,0,5231,0.554895512888512
A11,1,0,untrans,2,cd19+,cd8,1,3459,0.366924790495386
A11,1,0,untrans,2,cd19+,cd8,2,690,0.0731940171846823
A11,1,0,untrans,2,cd19+,cd8,3,46,0.00487960114564549
A11,1,0,untrans,2,cd19+,cd8,4,1,0.000106078285774902
A12,1,0,untrans,2,cd19+,cd8,0,4284,0.398511627906977
A12,1,0,untrans,2,cd19+,cd8,1,5373,0.499813953488372
A12,1,0,untrans,2,cd19+,cd8,2,1029,0.0957209302325581
A12,1,0,untrans,2,cd19+,cd8,3,61,0.00567441860465116
A12,1,0,untrans,2,cd19+,cd8,4,3,0.00027906976744186
B01,2,15,untrans,1,cd19+,cd8,0,5385,0.447073474470735
B01,2,15,untrans,1,cd19+,cd8,1,4624,0.383893731838937
B01,2,15,untrans,1,cd19+,cd8,2,1681,0.1395599833956
B01,2,15,untrans,1,cd19+,cd8,3,332,0.027563304275633
B01,2,15,untrans,1,cd19+,cd8,4,23,0.00190950601909506
B02,2,15,untrans,1,cd19+,cd8,0,6990,0.443584211194314
B02,2,15,untrans,1,cd19+,cd8,1,5915,0.375364894022084
B02,2,15,untrans,1,cd19+,cd8,2,2284,0.144942251554766
B02,2,15,untrans,1,cd19+,cd8,3,530,0.0336337098616576
B02,2,15,untrans,1,cd19+,cd8,4,39,0.00247493336717858
B03,2,15,untrans,1,cd19+,cd8,0,6170,0.480492173506736
B03,2,15,untrans,1,cd19+,cd8,1,4937,0.384471614360252
B03,2,15,untrans,1,cd19+,cd8,2,1461,0.113776185655323
B03,2,15,untrans,1,cd19+,cd8,3,254,0.0197803909352854
B03,2,15,untrans,1,cd19+,cd8,4,19,0.00147963554240324
B04,2,15,untrans,2,cd19+,cd8,0,15755,0.8025162999185
B04,2,15,untrans,2,cd19+,cd8,1,3486,0.177567237163814
B04,2,15,untrans,2,cd19+,cd8,2,342,0.0174205378973105
B04,2,15,untrans,2,cd19+,cd8,3,39,0.00198655256723716
B04,2,15,untrans,2,cd19+,cd8,4,10,0.000509372453137734
B05,2,15,untrans,2,cd19+,cd8,0,14184,0.811534500514933
B05,2,15,untrans,2,cd19+,cd8,1,2962,0.16947019109738
B05,2,15,untrans,2,cd19+,cd8,2,305,0.0174505092115803
B05,2,15,untrans,2,cd19+,cd8,3,20,0.00114429568600526
B05,2,15,untrans,2,cd19+,cd8,4,7,0.000400503490101842
B06,2,15,untrans,2,cd19+,cd8,0,17316,0.800480769230769
B06,2,15,untrans,2,cd19+,cd8,1,3916,0.181028106508876
B06,2,15,untrans,2,cd19+,cd8,2,361,0.0166882396449704
B06,2,15,untrans,2,cd19+,cd8,3,30,0.00138683431952663
B06,2,15,untrans,2,cd19+,cd8,4,9,0.000416050295857988
C01,1,0,CD28,1,cd19+,cd8,0,6233,0.460679970436068
C01,1,0,CD28,1,cd19+,cd8,1,5146,0.380339985218034
C01,1,0,CD28,1,cd19+,cd8,2,1767,0.13059866962306
C01,1,0,CD28,1,cd19+,cd8,3,354,0.0261640798226164
C01,1,0,CD28,1,cd19+,cd8,4,30,0.00221729490022173
C01,2,24,untrans,1,cd19+,cd8,0,4331,0.588131450298751
C01,2,24,untrans,1,cd19+,cd8,1,2278,0.309342748506247
C01,2,24,untrans,1,cd19+,cd8,2,652,0.0885388375882673
C01,2,24,untrans,1,cd19+,cd8,3,96,0.0130363932645301
C01,2,24,untrans,1,cd19+,cd8,4,7,0.000950570342205323
C02,1,0,CD28,1,cd19+,cd8,0,6310,0.500873154468963
C02,1,0,CD28,1,cd19+,cd8,1,4659,0.369820606445468
C02,1,0,CD28,1,cd19+,cd8,2,1368,0.108588664867439
C02,1,0,CD28,1,cd19+,cd8,3,241,0.0191300206381965
C02,1,0,CD28,1,cd19+,cd8,4,20,0.00158755357993332
C02,2,24,untrans,1,cd19+,cd8,0,4683,0.572144166157605
C02,2,24,untrans,1,cd19+,cd8,1,2656,0.32449602932193
C02,2,24,untrans,1,cd19+,cd8,2,738,0.0901649358582773
C02,2,24,untrans,1,cd19+,cd8,3,105,0.0128283445326817
C02,2,24,untrans,1,cd19+,cd8,4,3,0.000366524129505192
C03,1,0,CD28,1,cd19+,cd8,0,6929,0.533656808379544
C03,1,0,CD28,1,cd19+,cd8,1,4569,0.351894639556377
C03,1,0,CD28,1,cd19+,cd8,2,1244,0.0958102279728897
C03,1,0,CD28,1,cd19+,cd8,3,224,0.0172520024645718
C03,1,0,CD28,1,cd19+,cd8,4,18,0.00138632162661738
C03,2,24,untrans,1,cd19+,cd8,0,4113,0.575405707890319
C03,2,24,untrans,1,cd19+,cd8,1,2297,0.321348628987129
C03,2,24,untrans,1,cd19+,cd8,2,648,0.0906547285954113
C03,2,24,untrans,1,cd19+,cd8,3,87,0.0121712367095691
C03,2,24,untrans,1,cd19+,cd8,4,3,0.000419697817571349
C04,1,0,CD28,2,cd19+,cd8,0,5996,0.763335455124125
C04,1,0,CD28,2,cd19+,cd8,1,1584,0.201654996817314
C04,1,0,CD28,2,cd19+,cd8,2,258,0.0328453214513049
C04,1,0,CD28,2,cd19+,cd8,3,17,0.00216422660725652
C04,1,0,CD28,2,cd19+,cd8,4,0,0
C04,2,24,untrans,2,cd19+,cd8,0,10044,0.823143746926733
C04,2,24,untrans,2,cd19+,cd8,1,1987,0.162842157023439
C04,2,24,untrans,2,cd19+,cd8,2,159,0.0130306507129979
C04,2,24,untrans,2,cd19+,cd8,3,12,0.000983445336830028
C04,2,24,untrans,2,cd19+,cd8,4,0,0
C05,1,0,CD28,2,cd19+,cd8,0,8339,0.772272643082052
C05,1,0,CD28,2,cd19+,cd8,1,2109,0.195313947027227
C05,1,0,CD28,2,cd19+,cd8,2,325,0.0300981663270976
C05,1,0,CD28,2,cd19+,cd8,3,25,0.00231524356362289
C05,1,0,CD28,2,cd19+,cd8,4,0,0
C05,2,24,untrans,2,cd19+,cd8,0,11254,0.804604275398584
C05,2,24,untrans,2,cd19+,cd8,1,2481,0.177378994780868
C05,2,24,untrans,2,cd19+,cd8,2,239,0.0170872953456781
C05,2,24,untrans,2,cd19+,cd8,3,13,0.000929434474869522
C05,2,24,untrans,2,cd19+,cd8,4,0,0
C06,1,0,CD28,2,cd19+,cd8,0,8795,0.744960189734034
C06,1,0,CD28,2,cd19+,cd8,1,2529,0.214213111976961
C06,1,0,CD28,2,cd19+,cd8,2,438,0.0370997797729968
C06,1,0,CD28,2,cd19+,cd8,3,42,0.0035575131289175
C06,1,0,CD28,2,cd19+,cd8,4,2,0.00016940538709131
C06,2,24,untrans,2,cd19+,cd8,0,10402,0.809116365899191
C06,2,24,untrans,2,cd19+,cd8,1,2219,0.172604231487243
C06,2,24,untrans,2,cd19+,cd8,2,220,0.0171126322339764
C06,2,24,untrans,2,cd19+,cd8,3,14,0.00108898568761668
C06,2,24,untrans,2,cd19+,cd8,4,1,7.77846919726198e-05
D01,2,33,untrans,1,cd19+,cd8,0,4209,0.50017825311943
D01,2,33,untrans,1,cd19+,cd8,1,2539,0.301723113487819
D01,2,33,untrans,1,cd19+,cd8,2,1327,0.157694592988711
D01,2,33,untrans,1,cd19+,cd8,3,337,0.0400475341651812
D01,2,33,untrans,1,cd19+,cd8,4,3,0.00035650623885918
D02,2,33,untrans,1,cd19+,cd8,0,4413,0.480823708869035
D02,2,33,untrans,1,cd19+,cd8,1,2872,0.31292220527348
D02,2,33,untrans,1,cd19+,cd8,2,1498,0.163216387012421
D02,2,33,untrans,1,cd19+,cd8,3,387,0.0421660492482022
D02,2,33,untrans,1,cd19+,cd8,4,8,0.000871649596862062
D03,2,33,untrans,1,cd19+,cd8,0,3783,0.488444157520981
D03,2,33,untrans,1,cd19+,cd8,1,2462,0.317882504841833
D03,2,33,untrans,1,cd19+,cd8,2,1176,0.151839896707553
D03,2,33,untrans,1,cd19+,cd8,3,320,0.0413169786959329
D03,2,33,untrans,1,cd19+,cd8,4,4,0.000516462233699161
D04,2,33,untrans,2,cd19+,cd8,0,6829,0.631729879740981
D04,2,33,untrans,2,cd19+,cd8,1,3343,0.309250693802035
D04,2,33,untrans,2,cd19+,cd8,2,600,0.0555041628122109
D04,2,33,untrans,2,cd19+,cd8,3,33,0.0030527289546716
D04,2,33,untrans,2,cd19+,cd8,4,5,0.000462534690101758
D05,2,33,untrans,2,cd19+,cd8,0,7174,0.643812258817195
D05,2,33,untrans,2,cd19+,cd8,1,3315,0.297496185946334
D05,2,33,untrans,2,cd19+,cd8,2,614,0.0551018576684914
D05,2,33,untrans,2,cd19+,cd8,3,37,0.00332047025038141
D05,2,33,untrans,2,cd19+,cd8,4,3,0.000269227317598492
D06,2,33,untrans,2,cd19+,cd8,0,6461,0.611200454072462
D06,2,33,untrans,2,cd19+,cd8,1,3357,0.317566928388989
D06,2,33,untrans,2,cd19+,cd8,2,708,0.0669756882035758
D06,2,33,untrans,2,cd19+,cd8,3,42,0.00397313404597484
D06,2,33,untrans,2,cd19+,cd8,4,3,0.000283795288998203
H01,1,0,zeta,1,cd19+,cd8,0,6994,0.503418987979558
H01,1,0,zeta,1,cd19+,cd8,1,4984,0.358741812423523
H01,1,0,zeta,1,cd19+,cd8,2,1686,0.121356078600734
H01,1,0,zeta,1,cd19+,cd8,3,223,0.0160512488303462
H01,1,0,zeta,1,cd19+,cd8,4,6,0.000431872165838912
H02,1,0,zeta,1,cd19+,cd8,0,8246,0.613724322715094
H02,1,0,zeta,1,cd19+,cd8,1,4023,0.299419470080381
H02,1,0,zeta,1,cd19+,cd8,2,1017,0.0756921702887764
H02,1,0,zeta,1,cd19+,cd8,3,141,0.0104941947008038
H02,1,0,zeta,1,cd19+,cd8,4,9,0.000669842214944924
H03,1,0,zeta,1,cd19+,cd8,0,8675,0.611389104235676
H03,1,0,zeta,1,cd19+,cd8,1,4253,0.299739234618366
H03,1,0,zeta,1,cd19+,cd8,2,1090,0.0768200718866728
H03,1,0,zeta,1,cd19+,cd8,3,165,0.0116287264782578
H03,1,0,zeta,1,cd19+,cd8,4,6,0.000422862781027557
H04,1,0,zeta,2,cd19+,cd8,0,7410,0.841185151549552
H04,1,0,zeta,2,cd19+,cd8,1,1250,0.141900329208764
H04,1,0,zeta,2,cd19+,cd8,2,135,0.0153252355545465
H04,1,0,zeta,2,cd19+,cd8,3,14,0.00158928368713815
H04,1,0,zeta,2,cd19+,cd8,4,0,0
H05,1,0,zeta,2,cd19+,cd8,0,7836,0.836732514682328
H05,1,0,zeta,2,cd19+,cd8,1,1405,0.150026695141484
H05,1,0,zeta,2,cd19+,cd8,2,109,0.0116390816871329
H05,1,0,zeta,2,cd19+,cd8,3,15,0.00160170848905499
H05,1,0,zeta,2,cd19+,cd8,4,0,0
H06,1,0,zeta,2,cd19+,cd8,0,6070,0.801108618186617
H06,1,0,zeta,2,cd19+,cd8,1,1339,0.176719018081035
H06,1,0,zeta,2,cd19+,cd8,2,155,0.0204566451102019
H06,1,0,zeta,2,cd19+,cd8,3,13,0.00171571862214597
H06,1,0,zeta,2,cd19+,cd8,4,0,0
A01,2,0,41BB,1,cd19+,cd4,0,5088,0.395368715517911
A01,2,0,41BB,1,cd19+,cd4,1,4941,0.383945916543632
A01,2,0,41BB,1,cd19+,cd4,2,2311,0.179578832854146
A01,2,0,41BB,1,cd19+,cd4,3,450,0.0349677519620794
A01,2,0,41BB,1,cd19+,cd4,4,79,0.00613878312223172
A01,2,6,untrans,1,cd19+,cd4,0,7443,0.3174122563862
A01,2,6,untrans,1,cd19+,cd4,1,10130,0.432001364663738
A01,2,6,untrans,1,cd19+,cd4,2,4766,0.203249605526888
A01,2,6,untrans,1,cd19+,cd4,3,937,0.0399590600878502
A01,2,6,untrans,1,cd19+,cd4,4,173,0.00737771333532347
A01,2,15,untrans,1,cd19+,cd4,0,2403,0.374649204864359
A01,2,15,untrans,1,cd19+,cd4,1,2522,0.393202369816027
A01,2,15,untrans,1,cd19+,cd4,2,1189,0.185375740567509
A01,2,15,untrans,1,cd19+,cd4,3,242,0.0377299657000312
A01,2,15,untrans,1,cd19+,cd4,4,58,0.00904271905207359
A01,2,24,untrans,1,cd19+,cd4,0,1880,0.591939546599496
A01,2,24,untrans,1,cd19+,cd4,1,1021,0.32147355163728
A01,2,24,untrans,1,cd19+,cd4,2,249,0.0784005037783375
A01,2,24,untrans,1,cd19+,cd4,3,25,0.00787153652392947
A01,2,24,untrans,1,cd19+,cd4,4,1,0.000314861460957179
A02,2,0,41BB,1,cd19+,cd4,0,4492,0.395179027008006
A02,2,0,41BB,1,cd19+,cd4,1,4396,0.386733526876045
A02,2,0,41BB,1,cd19+,cd4,2,2062,0.181402304917744
A02,2,0,41BB,1,cd19+,cd4,3,362,0.0318465734142694
A02,2,0,41BB,1,cd19+,cd4,4,55,0.00483856778393596
A02,2,6,untrans,1,cd19+,cd4,0,6931,0.312728421242612
A02,2,6,untrans,1,cd19+,cd4,1,9538,0.430356901141542
A02,2,6,untrans,1,cd19+,cd4,2,4562,0.205838559761765
A02,2,6,untrans,1,cd19+,cd4,3,918,0.0414203853268962
A02,2,6,untrans,1,cd19+,cd4,4,214,0.00965573252718495
A02,2,15,untrans,1,cd19+,cd4,0,475,0.346462436177972
A02,2,15,untrans,1,cd19+,cd4,1,543,0.396061269146608
A02,2,15,untrans,1,cd19+,cd4,2,261,0.190371991247265
A02,2,15,untrans,1,cd19+,cd4,3,73,0.0532458059810357
A02,2,15,untrans,1,cd19+,cd4,4,19,0.0138584974471189
A02,2,24,untrans,1,cd19+,cd4,0,1607,0.574749642346209
A02,2,24,untrans,1,cd19+,cd4,1,908,0.324749642346209
A02,2,24,untrans,1,cd19+,cd4,2,260,0.0929899856938484
A02,2,24,untrans,1,cd19+,cd4,3,18,0.00643776824034335
A02,2,24,untrans,1,cd19+,cd4,4,3,0.00107296137339056
A03,2,0,41BB,1,cd19+,cd4,0,3719,0.38459152016546
A03,2,0,41BB,1,cd19+,cd4,1,3756,0.38841778697001
A03,2,0,41BB,1,cd19+,cd4,2,1792,0.185315408479835
A03,2,0,41BB,1,cd19+,cd4,3,341,0.0352637021716649
A03,2,0,41BB,1,cd19+,cd4,4,62,0.00641158221302999
A03,2,6,untrans,1,cd19+,cd4,0,6301,0.30963144963145
A03,2,6,untrans,1,cd19+,cd4,1,8928,0.438722358722359
A03,2,6,untrans,1,cd19+,cd4,2,4202,0.206486486486487
A03,2,6,untrans,1,cd19+,cd4,3,789,0.0387714987714988
A03,2,6,untrans,1,cd19+,cd4,4,130,0.00638820638820639
A03,2,15,untrans,1,cd19+,cd4,0,2464,0.369415292353823
A03,2,15,untrans,1,cd19+,cd4,1,2576,0.386206896551724
A03,2,15,untrans,1,cd19+,cd4,2,1330,0.199400299850075
A03,2,15,untrans,1,cd19+,cd4,3,232,0.0347826086956522
A03,2,15,untrans,1,cd19+,cd4,4,68,0.0101949025487256
A03,2,24,untrans,1,cd19+,cd4,0,1650,0.591609896020079
A03,2,24,untrans,1,cd19+,cd4,1,885,0.317318035138042
A03,2,24,untrans,1,cd19+,cd4,2,225,0.0806740767300108
A03,2,24,untrans,1,cd19+,cd4,3,29,0.0103979921118681
A03,2,24,untrans,1,cd19+,cd4,4,0,0
A04,2,0,41BB,2,cd19+,cd4,0,5052,0.434992250731875
A04,2,0,41BB,2,cd19+,cd4,1,5574,0.479938005855003
A04,2,0,41BB,2,cd19+,cd4,2,814,0.0700878250387464
A04,2,0,41BB,2,cd19+,cd4,3,171,0.0147236094368865
A04,2,0,41BB,2,cd19+,cd4,4,3,0.000258308937489237
A04,2,6,untrans,2,cd19+,cd4,0,3499,0.331564484032976
A04,2,6,untrans,2,cd19+,cd4,1,6750,0.639628541646925
A04,2,6,untrans,2,cd19+,cd4,2,206,0.0195205154932247
A04,2,6,untrans,2,cd19+,cd4,3,91,0.00862314033924003
A04,2,6,untrans,2,cd19+,cd4,4,7,0.000663318487633848
A04,2,15,untrans,2,cd19+,cd4,0,6120,0.591018831482376
A04,2,15,untrans,2,cd19+,cd4,1,4055,0.391598261709319
A04,2,15,untrans,2,cd19+,cd4,2,147,0.0141960405601159
A04,2,15,untrans,2,cd19+,cd4,3,30,0.00289715113471753
A04,2,15,untrans,2,cd19+,cd4,4,3,0.000289715113471753
A04,2,24,untrans,2,cd19+,cd4,0,6077,0.754344587884806
A04,2,24,untrans,2,cd19+,cd4,1,1900,0.235849056603774
A04,2,24,untrans,2,cd19+,cd4,2,63,0.00782025819265144
A04,2,24,untrans,2,cd19+,cd4,3,14,0.00173783515392254
A04,2,24,untrans,2,cd19+,cd4,4,2,0.000248262164846077
A05,2,0,41BB,2,cd19+,cd4,0,6026,0.453970167244237
A05,2,0,41BB,2,cd19+,cd4,1,6207,0.467605846014766
A05,2,0,41BB,2,cd19+,cd4,2,838,0.0631309326502938
A05,2,0,41BB,2,cd19+,cd4,3,202,0.0152177188488775
A05,2,0,41BB,2,cd19+,cd4,4,1,7.53352418261263e-05
A05,2,6,untrans,2,cd19+,cd4,0,3309,0.298161830960533
A05,2,6,untrans,2,cd19+,cd4,1,7433,0.669760317174266
A05,2,6,untrans,2,cd19+,cd4,2,222,0.0200036042530186
A05,2,6,untrans,2,cd19+,cd4,3,121,0.0109028653811498
A05,2,6,untrans,2,cd19+,cd4,4,13,0.00117138223103262
A05,2,15,untrans,2,cd19+,cd4,0,6351,0.609442471931676
A05,2,15,untrans,2,cd19+,cd4,1,3887,0.37299683331734
A05,2,15,untrans,2,cd19+,cd4,2,151,0.0144899721715766
A05,2,15,untrans,2,cd19+,cd4,3,23,0.00220708185394876
A05,2,15,untrans,2,cd19+,cd4,4,9,0.000863640725458209
A05,2,24,untrans,2,cd19+,cd4,0,5727,0.751180482686254
A05,2,24,untrans,2,cd19+,cd4,1,1825,0.239375655823715
A05,2,24,untrans,2,cd19+,cd4,2,58,0.00760755508919203
A05,2,24,untrans,2,cd19+,cd4,3,12,0.00157397691500525
A05,2,24,untrans,2,cd19+,cd4,4,2,0.000262329485834208
A06,2,0,41BB,2,cd19+,cd4,0,6703,0.446747533990936
A06,2,0,41BB,2,cd19+,cd4,1,7050,0.469874700079979
A06,2,0,41BB,2,cd19+,cd4,2,1017,0.067781924820048
A06,2,0,41BB,2,cd19+,cd4,3,233,0.0155291922154092
A06,2,0,41BB,2,cd19+,cd4,4,1,6.66488936283658e-05
A06,2,6,untrans,2,cd19+,cd4,0,3135,0.327586206896552
A06,2,6,untrans,2,cd19+,cd4,1,6136,0.641170323928945
A06,2,6,untrans,2,cd19+,cd4,2,193,0.0201671891327064
A06,2,6,untrans,2,cd19+,cd4,3,92,0.00961337513061651
A06,2,6,untrans,2,cd19+,cd4,4,14,0.00146290491118077
A06,2,15,untrans,2,cd19+,cd4,0,6225,0.633781307269395
A06,2,15,untrans,2,cd19+,cd4,1,3417,0.347892486255345
A06,2,15,untrans,2,cd19+,cd4,2,151,0.0153736509875789
A06,2,15,untrans,2,cd19+,cd4,3,21,0.00213805742211362
A06,2,15,untrans,2,cd19+,cd4,4,8,0.000814498065567094
A06,2,24,untrans,2,cd19+,cd4,0,4034,0.728948319479581
A06,2,24,untrans,2,cd19+,cd4,1,1438,0.259848211058909
A06,2,24,untrans,2,cd19+,cd4,2,53,0.00957715937838815
A06,2,24,untrans,2,cd19+,cd4,3,9,0.00162631008312252
A06,2,24,untrans,2,cd19+,cd4,4,0,0
A07,2,0,untrans,1,cd19+,cd4,0,5737,0.380715375937355
A07,2,0,untrans,1,cd19+,cd4,1,6439,0.427301081690889
A07,2,0,untrans,1,cd19+,cd4,2,2533,0.168093436857124
A07,2,0,untrans,1,cd19+,cd4,3,324,0.0215010949631694
A07,2,0,untrans,1,cd19+,cd4,4,36,0.00238901055146327
A08,2,0,untrans,1,cd19+,cd4,0,7562,0.413857267950963
A08,2,0,untrans,1,cd19+,cd4,1,7457,0.408110770577934
A08,2,0,untrans,1,cd19+,cd4,2,2873,0.157235113835377
A08,2,0,untrans,1,cd19+,cd4,3,335,0.0183340630472855
A08,2,0,untrans,1,cd19+,cd4,4,45,0.00246278458844133
A09,2,0,untrans,1,cd19+,cd4,0,5801,0.412794421120046
A09,2,0,untrans,1,cd19+,cd4,1,5803,0.412936739486231
A09,2,0,untrans,1,cd19+,cd4,2,2159,0.153632676296876
A09,2,0,untrans,1,cd19+,cd4,3,262,0.0186437059702555
A09,2,0,untrans,1,cd19+,cd4,4,28,0.00199245712659219
A10,2,0,untrans,2,cd19+,cd4,0,3687,0.41750651115389
A10,2,0,untrans,2,cd19+,cd4,1,4585,0.519193749292266
A10,2,0,untrans,2,cd19+,cd4,2,467,0.0528818933303137
A10,2,0,untrans,2,cd19+,cd4,3,91,0.0103046087645793
A10,2,0,untrans,2,cd19+,cd4,4,1,0.000113237458951421
A11,2,0,untrans,2,cd19+,cd4,0,3948,0.415229280605806
A11,2,0,untrans,2,cd19+,cd4,1,4946,0.520193521245267
A11,2,0,untrans,2,cd19+,cd4,2,545,0.0573201514514093
A11,2,0,untrans,2,cd19+,cd4,3,69,0.00725704669751788
A11,2,0,untrans,2,cd19+,cd4,4,0,0
A12,2,0,untrans,2,cd19+,cd4,0,3390,0.414983474109438
A12,2,0,untrans,2,cd19+,cd4,1,4234,0.51830089362223
A12,2,0,untrans,2,cd19+,cd4,2,472,0.0577794099645
A12,2,0,untrans,2,cd19+,cd4,3,72,0.00881380829966948
A12,2,0,untrans,2,cd19+,cd4,4,1,0.000122414004162076
C01,2,0,CD28,1,cd19+,cd4,0,4911,0.489338381825428
C01,2,0,CD28,1,cd19+,cd4,1,3823,0.380928656835393
C01,2,0,CD28,1,cd19+,cd4,2,1177,0.117277799920287
C01,2,0,CD28,1,cd19+,cd4,3,120,0.0119569549621363
C01,2,0,CD28,1,cd19+,cd4,4,5,0.00049820645675568
C02,2,0,CD28,1,cd19+,cd4,0,4912,0.469060351413293
C02,2,0,CD28,1,cd19+,cd4,1,4084,0.389992360580596
C02,2,0,CD28,1,cd19+,cd4,2,1341,0.12805576776165
C02,2,0,CD28,1,cd19+,cd4,3,127,0.0121275783040489
C02,2,0,CD28,1,cd19+,cd4,4,8,0.000763941940412529
C03,2,0,CD28,1,cd19+,cd4,0,4652,0.472428150705799
C03,2,0,CD28,1,cd19+,cd4,1,3855,0.391489793845841
C03,2,0,CD28,1,cd19+,cd4,2,1219,0.123794048948918
C03,2,0,CD28,1,cd19+,cd4,3,112,0.0113740225449375
C03,2,0,CD28,1,cd19+,cd4,4,9,0.00091398395450391
C04,2,0,CD28,2,cd19+,cd4,0,5383,0.497274826789838
C04,2,0,CD28,2,cd19+,cd4,1,5003,0.462170900692841
C04,2,0,CD28,2,cd19+,cd4,2,395,0.0364896073903002
C04,2,0,CD28,2,cd19+,cd4,3,44,0.00406466512702079
C04,2,0,CD28,2,cd19+,cd4,4,0,0
C05,2,0,CD28,2,cd19+,cd4,0,6548,0.508898733193441
C05,2,0,CD28,2,cd19+,cd4,1,5837,0.453641097380897
C05,2,0,CD28,2,cd19+,cd4,2,425,0.0330302323773996
C05,2,0,CD28,2,cd19+,cd4,3,56,0.00435221885443382
C05,2,0,CD28,2,cd19+,cd4,4,1,7.77181938291754e-05
C06,2,0,CD28,2,cd19+,cd4,0,4997,0.506179092382496
C06,2,0,CD28,2,cd19+,cd4,1,4505,0.456341166936791
C06,2,0,CD28,2,cd19+,cd4,2,322,0.0326175040518639
C06,2,0,CD28,2,cd19+,cd4,3,48,0.00486223662884927
C06,2,0,CD28,2,cd19+,cd4,4,0,0
H01,2,0,zeta,1,cd19+,cd4,0,5264,0.529311211664153
H01,2,0,zeta,1,cd19+,cd4,1,3395,0.341377576671694
H01,2,0,zeta,1,cd19+,cd4,2,1137,0.114328808446456
H01,2,0,zeta,1,cd19+,cd4,3,135,0.0135746606334842
H01,2,0,zeta,1,cd19+,cd4,4,14,0.00140774258421317
H02,2,0,zeta,1,cd19+,cd4,0,4545,0.537869822485207
H02,2,0,zeta,1,cd19+,cd4,1,2874,0.340118343195266
H02,2,0,zeta,1,cd19+,cd4,2,935,0.110650887573964
H02,2,0,zeta,1,cd19+,cd4,3,84,0.00994082840236686
H02,2,0,zeta,1,cd19+,cd4,4,12,0.00142011834319527
H03,2,0,zeta,1,cd19+,cd4,0,4157,0.533017053468393
H03,2,0,zeta,1,cd19+,cd4,1,2716,0.348249775612258
H03,2,0,zeta,1,cd19+,cd4,2,819,0.105013463264521
H03,2,0,zeta,1,cd19+,cd4,3,99,0.0126939351198872
H03,2,0,zeta,1,cd19+,cd4,4,8,0.00102577253494038
H04,2,0,zeta,2,cd19+,cd4,0,6233,0.539840637450199
H04,2,0,zeta,2,cd19+,cd4,1,5012,0.434089728044344
H04,2,0,zeta,2,cd19+,cd4,2,265,0.0229516715745713
H04,2,0,zeta,2,cd19+,cd4,3,35,0.00303135284947168
H04,2,0,zeta,2,cd19+,cd4,4,1,8.66100814134765e-05
H05,2,0,zeta,2,cd19+,cd4,0,7704,0.537650917719311
H05,2,0,zeta,2,cd19+,cd4,1,6301,0.439737595086887
H05,2,0,zeta,2,cd19+,cd4,2,302,0.0210761392979273
H05,2,0,zeta,2,cd19+,cd4,3,22,0.0015353478958755
H05,2,0,zeta,2,cd19+,cd4,4,0,0
H06,2,0,zeta,2,cd19+,cd4,0,6775,0.536591161096151
H06,2,0,zeta,2,cd19+,cd4,1,5537,0.43853952162205
H06,2,0,zeta,2,cd19+,cd4,2,289,0.0228892760969428
H06,2,0,zeta,2,cd19+,cd4,3,24,0.00190083953746238
H06,2,0,zeta,2,cd19+,cd4,4,1,7.92016473942658e-05
