"# Cytokine data: Fig 2B, S2C"
Domain Name,Cytokine Bin,Cytokine Sort Group (IL2/IFNg/both),Donor Name,T Cell Type,K562 Condition,Number of inferred cells for Domain,Sorted Cell Group,Number of CAR-T cells in bin for this domain,Number of CAR-T cells in bin for this domain,"Number of CAR-T cells in bin for this domain, including double positive cells","Log2 Fold Change, Domain Mean","Log2 Fold Change, Domain/Donor Mean","Log2 Fold Change, Domain/Subset Mean","Sort Group (Subset, Cytokine, Donor, Replicate)",Domain Rank within Sort Group
4-1BB,il2,il2.ifng,Donor A,CD4,pos,1901,67_il2.ifng_CD4_pos,368.948343006076,0.0670234880430729,0.117493796105468,3.2944258791384,1.93120929546625,1.43446907666744,67_il2.ifng_CD4_pos,1
4-1BB,ifng,il2.ifng,Donor A,CD4,pos,4371,67_il2.ifng_CD4_pos,93.4539166871435,0.0169769226136786,0.067447230676074,1.06566324908281,0.299643037969607,0.368660551975956,67_il2.ifng_CD4_pos,3
4-1BB,il2,il2.ifng,Donor A,CD8,pos,9574,67_il2.ifng_CD8_pos,2185.58377933306,0.0598199186449277,0.0816223954194391,0.567992711794102,1.93120929546625,1.43446907666744,67_il2.ifng_CD8_pos,5
4-1BB,ifng,il2.ifng,Donor A,CD8,pos,51343,67_il2.ifng_CD8_pos,4189.31767447343,0.11466256513911,0.136465041913621,-0.466377173143595,0.299643037969607,0.368660551975956,67_il2.ifng_CD8_pos,26
4-1BB,il2,il2.ifng,Donor B,CD4,pos,2035,68_il2.ifng_CD4_pos,322.00172649684,0.00420633519617155,0.0137850409383652,1.12872953692897,1.26280209181436,1.43446907666744,68_il2.ifng_CD4_pos,6
4-1BB,ifng,il2.ifng,Donor B,CD4,pos,14906,68_il2.ifng_CD4_pos,1490.09069165812,0.0194651779976425,0.0290438837398361,0.214009946411385,0.425183329810761,0.368660551975956,68_il2.ifng_CD4_pos,8
4-1BB,il2,il2.ifng,Donor B,CD8,pos,11065,68_il2.ifng_CD8_pos,993.572787177487,0.0454692697531778,0.134406498440317,1.39687464669975,1.26280209181436,1.43446907666744,68_il2.ifng_CD8_pos,3
4-1BB,ifng,il2.ifng,Donor B,CD8,pos,21926,68_il2.ifng_CD8_pos,2053.82994301242,0.0939902430009924,0.182927471688132,0.636356713210137,0.425183329810761,0.368660551975956,68_il2.ifng_CD8_pos,4
BAFF-R,il2,il2.ifng,Donor A,CD4,pos,1901,67_il2.ifng_CD4_pos,37.5631354840665,0.00436862174293946,0.0143281523707634,0.258765787134798,0.781402931573972,0.642736669542669,67_il2.ifng_CD4_pos,6
BAFF-R,ifng,il2.ifng,Donor A,CD4,pos,4371,67_il2.ifng_CD4_pos,426.851273230475,0.049643133599085,0.0596026642269089,0.887280860784008,0.914888940575825,0.901989168725411,67_il2.ifng_CD4_pos,5
BAFF-R,il2,il2.ifng,Donor A,CD8,pos,9574,67_il2.ifng_CD8_pos,54.8703820068904,0.0050178201002075,0.135950769774554,1.30404007601315,0.781402931573972,0.642736669542669,67_il2.ifng_CD8_pos,3
BAFF-R,ifng,il2.ifng,Donor A,CD8,pos,51343,67_il2.ifng_CD8_pos,2530.62905638822,0.231422506657952,0.362355456332298,0.942497020367642,0.914888940575825,0.901989168725411,67_il2.ifng_CD8_pos,2
BAFF-R,il2,il2.ifng,Donor B,CD4,pos,2035,68_il2.ifng_CD4_pos,77.8123330510131,0.00336679953236162,0.0172996582909711,1.45636952662154,0.567540228021691,0.642736669542669,68_il2.ifng_CD4_pos,4
BAFF-R,ifng,il2.ifng,Donor B,CD4,pos,14906,68_il2.ifng_CD4_pos,1157.22131107532,0.0500708822907675,0.0640037410493769,1.35393179720409,0.978552442692141,0.901989168725411,68_il2.ifng_CD4_pos,3
BAFF-R,il2,il2.ifng,Donor B,CD8,pos,11065,68_il2.ifng_CD8_pos,252.113701115762,0.0297064467019424,0.0408508832164916,-0.321289070578162,0.567540228021691,0.642736669542669,68_il2.ifng_CD8_pos,7
BAFF-R,ifng,il2.ifng,Donor B,CD8,pos,21926,68_il2.ifng_CD8_pos,1422.59306084966,0.167623515713963,0.178767952228512,0.603173088180187,0.978552442692141,0.901989168725411,68_il2.ifng_CD8_pos,5
BCMA,il2,il2.ifng,Donor A,CD4,pos,1901,67_il2.ifng_CD4_pos,2.3332929250072,0.00265297504139261,0.00842461441259765,-0.507404235526022,-0.620461901932307,-0.663064184397029,67_il2.ifng_CD4_pos,8
BCMA,ifng,il2.ifng,Donor A,CD4,pos,4371,67_il2.ifng_CD4_pos,14.2566403269402,0.0162099282760938,0.0219815676472989,-0.55180168167804,-0.343462133237573,-0.0825180808342375,67_il2.ifng_CD4_pos,16
BCMA,il2,il2.ifng,Donor A,CD8,pos,9574,67_il2.ifng_CD8_pos,0.777935472687482,0.000659113725892963,0.0331142634845301,-0.733519568338593,-0.620461901932307,-0.663064184397029,67_il2.ifng_CD8_pos,18
BCMA,ifng,il2.ifng,Donor A,CD8,pos,51343,67_il2.ifng_CD8_pos,164.332607966343,0.13923247020504,0.171687619963677,-0.135122584797105,-0.343462133237573,-0.0825180808342375,67_il2.ifng_CD8_pos,19
BCMA,il2,il2.ifng,Donor B,CD4,pos,2035,68_il2.ifng_CD4_pos,0.18561469802593,8.84691262770159e-05,0.00242078253760297,-1.3808286240064,-0.953771122069051,-0.663064184397029,68_il2.ifng_CD4_pos,24
BCMA,ifng,il2.ifng,Donor B,CD4,pos,14906,68_il2.ifng_CD4_pos,47.2929174598526,0.0225411194870985,0.0248734328984244,-0.00961880222630612,-0.0123543866608283,-0.0825180808342375,68_il2.ifng_CD4_pos,12
BCMA,il2,il2.ifng,Donor B,CD8,pos,11065,68_il2.ifng_CD8_pos,19.8133366227896,0.0261986924107528,0.0354292940933638,-0.526713620131702,-0.953771122069051,-0.663064184397029,68_il2.ifng_CD8_pos,8
BCMA,ifng,il2.ifng,Donor B,CD8,pos,21926,68_il2.ifng_CD8_pos,81.0940106427143,0.107228635016431,0.116459236699042,-0.0150899710953504,-0.0123543866608283,-0.0825180808342375,68_il2.ifng_CD8_pos,8
BTLA,il2,il2.ifng,Donor A,CD4,pos,1901,67_il2.ifng_CD4_pos,1.84358947161063,0.00137605089273925,0.00269408579796646,-2.15221909568431,-2.20110974929682,-1.69991441191073,67_il2.ifng_CD4_pos,25
BTLA,ifng,il2.ifng,Donor A,CD4,pos,4371,67_il2.ifng_CD4_pos,57.603158180619,0.0429948632597649,0.0443128981649921,0.459630725949942,0.17324240359354,-0.409643839314241,67_il2.ifng_CD4_pos,7
BTLA,il2,il2.ifng,Donor A,CD8,pos,9574,67_il2.ifng_CD8_pos,0.674210742995818,0.000485931442227875,0.0115746770124402,-2.25000040290932,-2.20110974929682,-1.69991441191073,67_il2.ifng_CD8_pos,33
BTLA,ifng,il2.ifng,Donor A,CD8,pos,51343,67_il2.ifng_CD8_pos,226.481058854464,0.163234224179558,0.174322969749771,-0.113145918762863,0.17324240359354,-0.409643839314241,67_il2.ifng_CD8_pos,17
BTLA,il2,il2.ifng,Donor B,CD4,pos,2035,68_il2.ifng_CD4_pos,4.50778552348687,0.00198566285870503,0.00260595316417301,-1.2744909546639,-1.43125831053095,-1.69991441191073,68_il2.ifng_CD4_pos,22
BTLA,ifng,il2.ifng,Donor B,CD4,pos,14906,68_il2.ifng_CD4_pos,25.2835212573827,0.0111372976457029,0.0117575879511709,-1.09063231245386,-0.823452509637009,-0.409643839314241,68_il2.ifng_CD4_pos,27
BTLA,il2,il2.ifng,Donor B,CD8,pos,11065,68_il2.ifng_CD8_pos,7.13280118420424,0.00897674368238159,0.0169775781667732,-1.588025666398,-1.43125831053095,-1.69991441191073,68_il2.ifng_CD8_pos,29
BTLA,ifng,il2.ifng,Donor B,CD8,pos,21926,68_il2.ifng_CD8_pos,57.2347183957932,0.0720308029768315,0.0800316374612231,-0.556272706820156,-0.823452509637009,-0.409643839314241,68_il2.ifng_CD8_pos,25
CD2,il2,il2.ifng,Donor A,CD8,pos,9574,67_il2.ifng_CD8_pos,1.86704513444996,0.00322769048923038,0.0743351835253324,0.433072874204887,0.433072874204887,0.0901518837192171,67_il2.ifng_CD8_pos,6
CD2,ifng,il2.ifng,Donor A,CD8,pos,51343,67_il2.ifng_CD8_pos,172.013877177234,0.297372326536803,0.368479819572905,0.966677011668074,0.966677011668074,0.537862634866203,67_il2.ifng_CD8_pos,1
CD2,il2,il2.ifng,Donor B,CD8,pos,11065,68_il2.ifng_CD8_pos,3.52237095516259,0.00637355295943701,0.0313343406265936,-0.7039117064841,-0.7039117064841,0.0901518837192171,68_il2.ifng_CD8_pos,14
CD2,ifng,il2.ifng,Donor B,CD8,pos,21926,68_il2.ifng_CD8_pos,77.9219660087306,0.140995875613893,0.16595666328105,0.495891516584614,0.495891516584614,0.537862634866203,68_il2.ifng_CD8_pos,6
CD200R,il2,il2.ifng,Donor A,CD4,pos,1901,67_il2.ifng_CD4_pos,3.45673025926992,0.00111052680000778,0.00340466308638257,-1.81450285119528,-0.993864721572403,-0.561692509090121,67_il2.ifng_CD4_pos,20
CD200R,ifng,il2.ifng,Donor A,CD4,pos,4371,67_il2.ifng_CD4_pos,64.1605343817493,0.0206125406350919,0.0229066769214667,-0.492327777901001,-0.127110534114792,-0.0660401494110892,67_il2.ifng_CD4_pos,14
CD200R,il2,il2.ifng,Donor A,CD8,pos,9574,67_il2.ifng_CD8_pos,1.24469675629997,0.000305814089546654,0.0488292543395644,-0.173226591949524,-0.993864721572403,-0.561692509090121,67_il2.ifng_CD8_pos,10
CD200R,ifng,il2.ifng,Donor A,CD8,pos,51343,67_il2.ifng_CD8_pos,707.607830336661,0.173854750801919,0.222378191051937,0.238106709671417,-0.127110534114792,-0.0660401494110892,67_il2.ifng_CD8_pos,8
CD200R,il2,il2.ifng,Donor B,CD4,pos,2035,68_il2.ifng_CD4_pos,17.408007036289,0.00284003538500157,0.005206307292905,-0.276041643051734,-0.426476181128368,-0.561692509090121,68_il2.ifng_CD4_pos,10
CD200R,ifng,il2.ifng,Donor B,CD4,pos,14906,68_il2.ifng_CD4_pos,131.874481378435,0.0215147083013431,0.0238809802092465,-0.0683623824837633,-0.11723217592559,-0.0660401494110892,68_il2.ifng_CD4_pos,14
CD200R,il2,il2.ifng,Donor B,CD8,pos,11065,68_il2.ifng_CD8_pos,69.302648542824,0.0302347605699821,0.03421776716786,-0.576910719205003,-0.426476181128368,-0.561692509090121,68_il2.ifng_CD8_pos,12
CD200R,ifng,il2.ifng,Donor B,CD8,pos,21926,68_il2.ifng_CD8_pos,231.283428312639,0.100902335276786,0.104885341874664,-0.166101969367416,-0.11723217592559,-0.0660401494110892,68_il2.ifng_CD8_pos,13
CD244,il2,il2.ifng,Donor B,CD4,pos,2035,68_il2.ifng_CD4_pos,0.530327708645514,0.000812598680616534,0.00383333317801235,-0.717702712901573,-0.717702712901573,-0.702772425177023,68_il2.ifng_CD4_pos,12
CD244,ifng,il2.ifng,Donor B,CD4,pos,14906,68_il2.ifng_CD4_pos,19.2809586567091,0.0295433961115852,0.032564130608981,0.379059273797663,0.379059273797663,0.145410741113094,68_il2.ifng_CD4_pos,6
CD28,il2,il2.ifng,Donor A,CD4,pos,1901,67_il2.ifng_CD4_pos,841.857848559696,0.0219033433832617,0.0439270557923912,1.87502300861948,1.85730382313711,1.87098763040149,67_il2.ifng_CD4_pos,3
CD28,ifng,il2.ifng,Donor A,CD4,pos,4371,67_il2.ifng_CD4_pos,712.278031116227,0.0185319532585982,0.0405556656677276,0.331807514967743,0.397299465948965,0.78676297342041,67_il2.ifng_CD4_pos,8
CD28,il2,il2.ifng,Donor A,CD8,pos,9574,67_il2.ifng_CD8_pos,6016.29363394076,0.0869755472551463,0.197059169457482,1.83958463765474,1.85730382313711,1.87098763040149,67_il2.ifng_CD8_pos,2
CD28,ifng,il2.ifng,Donor A,CD8,pos,51343,67_il2.ifng_CD8_pos,10359.9372738895,0.149770152314743,0.259853774517079,0.462791416930187,0.397299465948965,0.78676297342041,67_il2.ifng_CD8_pos,4
CD28,il2,il2.ifng,Donor B,CD4,pos,2035,68_il2.ifng_CD4_pos,776.558863769627,0.00957107126131896,0.0250995340823289,1.99328656906861,2.20397943857017,1.87098763040149,68_il2.ifng_CD4_pos,2
CD28,ifng,il2.ifng,Donor B,CD4,pos,14906,68_il2.ifng_CD4_pos,3222.64853321619,0.0397190737246511,0.0552475365456611,1.14168570044581,1.20896935968817,0.78676297342041,68_il2.ifng_CD4_pos,4
CD28,il2,il2.ifng,Donor B,CD8,pos,11065,68_il2.ifng_CD8_pos,4651.2908462922,0.109698570710986,0.2721497204724,2.41467230807173,2.20397943857017,1.87098763040149,68_il2.ifng_CD8_pos,2
CD28,ifng,il2.ifng,Donor B,CD8,pos,21926,68_il2.ifng_CD8_pos,5197.87783522663,0.122589575259352,0.285040725020767,1.27625301893054,1.20896935968817,0.78676297342041,68_il2.ifng_CD8_pos,2
CD300a,il2,il2.ifng,Donor A,CD4,pos,1901,67_il2.ifng_CD4_pos,1.06582516327489,0.00124865013719538,0.00132647206724044,-3.17442059670105,-2.44346743154303,-1.81299187764155,67_il2.ifng_CD4_pos,32
CD300a,ifng,il2.ifng,Donor A,CD4,pos,4371,67_il2.ifng_CD4_pos,0.0791407472550211,9.27160554307915e-05,0.000170537985475843,-7.56185902966839,-3.94821506637521,-2.22233391856726,67_il2.ifng_CD4_pos,32
CD300a,il2,il2.ifng,Donor A,CD8,pos,9574,67_il2.ifng_CD8_pos,0.518623648458322,0.000547846830258265,0.0167999631980074,-1.712514266385,-2.44346743154303,-1.81299187764155,67_il2.ifng_CD8_pos,29
CD300a,ifng,il2.ifng,Donor A,CD8,pos,51343,67_il2.ifng_CD8_pos,126.159027645549,0.133267782156743,0.149519898524493,-0.334571103082032,-3.94821506637521,-2.22233391856726,67_il2.ifng_CD8_pos,23
CD300a,il2,il2.ifng,Donor B,CD4,pos,2035,68_il2.ifng_CD4_pos,1.81637240211089,0.000951792829103616,0.000951792829103616,-2.72758261952923,-1.83996067176567,-1.81299187764155,68_il2.ifng_CD4_pos,34
CD300a,ifng,il2.ifng,Donor B,CD4,pos,14906,68_il2.ifng_CD4_pos,14.0059794015717,0.00733923877256482,0.00733923877256482,-1.77052209729189,-1.15076533218168,-2.22233391856726,68_il2.ifng_CD4_pos,31
CD300a,il2,il2.ifng,Donor B,CD8,pos,11065,68_il2.ifng_CD8_pos,11.4477056042784,0.0205902935002878,0.0263776788384943,-0.952338724002101,-1.83996067176567,-1.81299187764155,68_il2.ifng_CD8_pos,17
CD300a,ifng,il2.ifng,Donor B,CD8,pos,21926,68_il2.ifng_CD8_pos,42.0640701463059,0.0756580908060244,0.0814454761442309,-0.53100856707148,-1.15076533218168,-2.22233391856726,68_il2.ifng_CD8_pos,23
CD300f,il2,il2.ifng,Donor A,CD4,pos,1901,67_il2.ifng_CD4_pos,6.36614489415544,0.0018710365925049,0.00814126590685966,-0.556761752029994,-0.373827728649911,-0.772268821395895,67_il2.ifng_CD4_pos,9
CD300f,ifng,il2.ifng,Donor A,CD4,pos,4371,67_il2.ifng_CD4_pos,107.348770740918,0.0315502523986022,0.037820481712957,0.231071779244541,0.221561984628864,-0.18787689317769,67_il2.ifng_CD4_pos,10
CD300f,il2,il2.ifng,Donor A,CD8,pos,9574,67_il2.ifng_CD8_pos,20.7968083031787,0.00444201922051072,0.0482349420702108,-0.190893705269828,-0.373827728649911,-0.772268821395895,67_il2.ifng_CD8_pos,11
CD300f,ifng,il2.ifng,Donor A,CD8,pos,51343,67_il2.ifng_CD8_pos,817.473256625774,0.174605250250355,0.218398173100055,0.212052190013186,0.221561984628864,-0.18787689317769,67_il2.ifng_CD8_pos,9
CD300f,il2,il2.ifng,Donor B,CD4,pos,2035,68_il2.ifng_CD4_pos,5.26350250830673,0.000775347712852579,0.00266815881508563,-1.24045756810262,-1.25539175522326,-0.772268821395895,68_il2.ifng_CD4_pos,20
CD300f,ifng,il2.ifng,Donor B,CD4,pos,14906,68_il2.ifng_CD4_pos,97.3142724654659,0.0143350171230914,0.0162278282253245,-0.625754500056701,-0.557801519083468,-0.18787689317769,68_il2.ifng_CD4_pos,22
CD300f,il2,il2.ifng,Donor B,CD8,pos,11065,68_il2.ifng_CD8_pos,42.0042736403139,0.0152822441685335,0.0211598646428136,-1.2703259423439,-1.25539175522326,-0.772268821395895,68_il2.ifng_CD8_pos,25
CD300f,ifng,il2.ifng,Donor B,CD8,pos,21926,68_il2.ifng_CD8_pos,214.181970285944,0.077924955789878,0.0838025762641581,-0.489848538110234,-0.557801519083468,-0.18787689317769,68_il2.ifng_CD8_pos,21
CD40,il2,il2.ifng,Donor A,CD4,pos,1901,67_il2.ifng_CD4_pos,76.2209022169018,0.00175298398413601,0.00339632907343007,-1.81803864270717,-1.5936473589162,-1.21516981787038,67_il2.ifng_CD4_pos,21
CD40,ifng,il2.ifng,Donor A,CD4,pos,4371,67_il2.ifng_CD4_pos,211.780639654437,0.0048706858442563,0.00651403093355036,-2.30647348364726,-1.43202692287196,-1.09662743669134,67_il2.ifng_CD4_pos,26
CD40,il2,il2.ifng,Donor A,CD8,pos,9574,67_il2.ifng_CD8_pos,267.194903685727,0.00590585821744071,0.0213127427133343,-1.36925607512523,-1.5936473589162,-1.21516981787038,67_il2.ifng_CD8_pos,25
CD40,ifng,il2.ifng,Donor A,CD8,pos,51343,67_il2.ifng_CD8_pos,5098.73339589624,0.112698244275314,0.128105128771208,-0.55758036209666,-1.43202692287196,-1.09662743669134,67_il2.ifng_CD8_pos,29
CD40,il2,il2.ifng,Donor B,CD4,pos,2035,68_il2.ifng_CD4_pos,79.3767997915174,0.000568146336110844,0.00158386201673328,-1.99285545393827,-1.55266437490176,-1.21516981787038,68_il2.ifng_CD4_pos,31
CD40,ifng,il2.ifng,Donor B,CD4,pos,14906,68_il2.ifng_CD4_pos,831.445868111485,0.00595114598828311,0.00696686166890554,-1.84564361345158,-1.37113093257378,-1.09662743669134,68_il2.ifng_CD4_pos,33
CD40,il2,il2.ifng,Donor B,CD8,pos,11065,68_il2.ifng_CD8_pos,483.533472869944,0.0143988377393658,0.0236064818026898,-1.11247329586526,-1.55266437490176,-1.21516981787038,68_il2.ifng_CD8_pos,21
CD40,ifng,il2.ifng,Donor B,CD8,pos,21926,68_il2.ifng_CD8_pos,1813.58204073417,0.0540055135719277,0.0632131576352518,-0.896618251695981,-1.37113093257378,-1.09662743669134,68_il2.ifng_CD8_pos,29
CD7,il2,il2.ifng,Donor A,CD4,pos,1901,67_il2.ifng_CD4_pos,138.902944251663,0.00538196165858231,0.0077515819780891,-0.627524120214458,-0.183135581414212,0.422894266314695,67_il2.ifng_CD4_pos,10
CD7,ifng,il2.ifng,Donor A,CD4,pos,4371,67_il2.ifng_CD4_pos,311.00052507016,0.0120500894401058,0.0144197097596126,-1.16005383326,-0.538802341245563,0.00511169905899335,67_il2.ifng_CD4_pos,20
CD7,il2,il2.ifng,Donor A,CD8,pos,9574,67_il2.ifng_CD8_pos,9.85384932070811,0.000301475919744648,0.0659889881603346,0.261252957386033,-0.183135581414212,0.422894266314695,67_il2.ifng_CD8_pos,7
CD7,ifng,il2.ifng,Donor A,CD8,pos,51343,67_il2.ifng_CD8_pos,4378.09068447443,0.133946529205965,0.199634041446555,0.0824491507688751,-0.538802341245563,0.00511169905899335,67_il2.ifng_CD8_pos,14
CD7,il2,il2.ifng,Donor B,CD4,pos,2035,68_il2.ifng_CD4_pos,272.681249592807,0.00525432510442039,0.0152579656859765,1.27518860845803,1.01987248803006,0.422894266314695,68_il2.ifng_CD4_pos,5
CD7,ifng,il2.ifng,Donor B,CD4,pos,14906,68_il2.ifng_CD4_pos,1734.3767999219,0.0334198980456569,0.043423538627213,0.794252860802286,0.364961919791357,0.00511169905899335,68_il2.ifng_CD4_pos,5
CD7,il2,il2.ifng,Donor B,CD8,pos,11065,68_il2.ifng_CD8_pos,1707.20514269343,0.0836856837815991,0.0867108609173836,0.764556367602093,1.01987248803006,0.422894266314695,68_il2.ifng_CD8_pos,4
CD7,ifng,il2.ifng,Donor B,CD8,pos,21926,68_il2.ifng_CD8_pos,2234.36065718132,0.109526380125543,0.112551557261327,-0.0643290212195721,0.364961919791357,0.00511169905899335,68_il2.ifng_CD8_pos,11
CD72,il2,il2.ifng,Donor A,CD4,pos,1901,67_il2.ifng_CD4_pos,2.65015986544027,0.00264213943185832,0.00302845984027479,-1.98343061214966,-2.06293751494893,-1.50003618814279,67_il2.ifng_CD4_pos,23
CD72,ifng,il2.ifng,Donor A,CD4,pos,4371,67_il2.ifng_CD4_pos,0.101752389327884,0.000101444446289786,0.000487764854706264,-6.04576633902201,-3.33488807091372,-1.82783768928106,67_il2.ifng_CD4_pos,31
CD72,il2,il2.ifng,Donor A,CD8,pos,9574,67_il2.ifng_CD8_pos,0.570486013304154,0.000615427490772902,0.0124705744296262,-2.14244441774819,-2.06293751494893,-1.50003618814279,67_il2.ifng_CD8_pos,32
CD72,ifng,il2.ifng,Donor A,CD8,pos,51343,67_il2.ifng_CD8_pos,102.416922811885,0.110485074741343,0.122340221680197,-0.624009802805418,-3.33488807091372,-1.82783768928106,67_il2.ifng_CD8_pos,30
CD72,il2,il2.ifng,Donor B,CD4,pos,2035,68_il2.ifng_CD4_pos,3.36758094989902,0.00165143603185878,0.00210029488365496,-1.58571021173776,-1.45079535074484,-1.50003618814279,68_il2.ifng_CD4_pos,25
CD72,ifng,il2.ifng,Donor B,CD4,pos,14906,68_il2.ifng_CD4_pos,18.3714794747889,0.00900923351645941,0.00945809236825559,-1.40460330017343,-0.974951381799894,-1.82783768928106,68_il2.ifng_CD4_pos,30
CD72,il2,il2.ifng,Donor B,CD8,pos,11065,68_il2.ifng_CD8_pos,10.5671128654878,0.0161469059467744,0.0205021591303435,-1.31588048975191,-1.45079535074484,-1.50003618814279,68_il2.ifng_CD8_pos,26
CD72,ifng,il2.ifng,Donor B,CD8,pos,21926,68_il2.ifng_CD8_pos,49.9252242392221,0.0762874316214782,0.0806426848050473,-0.545299463426353,-0.974951381799894,-1.82783768928106,68_il2.ifng_CD8_pos,24
CD96,il2,il2.ifng,Donor A,CD4,pos,1901,67_il2.ifng_CD4_pos,9.93809949540103,0.00339765767986155,0.00516906355477205,-1.21211195176685,-1.20126859001241,-1.23471259330182,67_il2.ifng_CD4_pos,13
CD96,ifng,il2.ifng,Donor A,CD4,pos,4371,67_il2.ifng_CD4_pos,41.311470067121,0.014123649456808,0.0158950553317185,-1.0195179209186,-0.681005698347334,-0.460554204198793,67_il2.ifng_CD4_pos,19
CD96,il2,il2.ifng,Donor A,CD8,pos,9574,67_il2.ifng_CD8_pos,0.72607310784165,0.000207152270409303,0.0241253038168672,-1.19042522825796,-1.20126859001241,-1.23471259330182,67_il2.ifng_CD8_pos,23
CD96,ifng,il2.ifng,Donor A,CD8,pos,51343,67_il2.ifng_CD8_pos,437.366813553482,0.124782928124981,0.148701079671439,-0.342493475776064,-0.681005698347334,-0.460554204198793,67_il2.ifng_CD8_pos,24
CD96,il2,il2.ifng,Donor B,CD4,pos,2035,68_il2.ifng_CD4_pos,6.19157599843638,0.000925681375397327,0.00137305664984645,-2.19891096006747,-1.89691190528513,-1.23471259330182,68_il2.ifng_CD4_pos,32
CD96,ifng,il2.ifng,Donor B,CD4,pos,14906,68_il2.ifng_CD4_pos,93.858251574169,0.0140324265472162,0.0144798018216653,-0.790182579532472,-0.563347655098963,-0.460554204198793,68_il2.ifng_CD4_pos,25
CD96,il2,il2.ifng,Donor B,CD8,pos,11065,68_il2.ifng_CD8_pos,22.4551148391615,0.0113335176108215,0.0168967232042586,-1.59491285050279,-1.89691190528513,-1.23471259330182,68_il2.ifng_CD8_pos,30
CD96,ifng,il2.ifng,Donor B,CD8,pos,21926,68_il2.ifng_CD8_pos,173.634964964587,0.0876368233863816,0.0932000289798188,-0.336512730665453,-0.563347655098963,-0.460554204198793,68_il2.ifng_CD8_pos,18
CRACC,il2,il2.ifng,Donor A,CD4,pos,1901,67_il2.ifng_CD4_pos,0.720152137347901,0.000828087127353553,0.00431626232397599,-1.47223234408355,-1.36057023603198,-1.15603294231479,67_il2.ifng_CD4_pos,16
CRACC,ifng,il2.ifng,Donor A,CD4,pos,4371,67_il2.ifng_CD4_pos,51.7806603468567,0.0595414441690174,0.0630296193656399,0.967933990839425,0.675357451151688,0.389205131818869,67_il2.ifng_CD4_pos,4
CRACC,il2,il2.ifng,Donor A,CD8,pos,9574,67_il2.ifng_CD8_pos,0.259311824229161,0.000233825746957825,0.0231668872059225,-1.24890812798042,-1.36057023603198,-1.15603294231479,67_il2.ifng_CD8_pos,24
CRACC,ifng,il2.ifng,Donor A,CD8,pos,51343,67_il2.ifng_CD8_pos,247.197209150505,0.222901798818191,0.245834860277155,0.38278091146395,0.675357451151688,0.389205131818869,67_il2.ifng_CD8_pos,5
CRACC,il2,il2.ifng,Donor B,CD4,pos,2035,68_il2.ifng_CD4_pos,1.3655938497622,0.000742540867713746,0.00271418607773419,-1.21578247811032,-1.44409570519999,-1.15603294231479,68_il2.ifng_CD4_pos,18
CRACC,ifng,il2.ifng,Donor B,CD4,pos,14906,68_il2.ifng_CD4_pos,47.2929174598526,0.0257154965756976,0.027687141785718,0.144991691711492,0.12629487205285,0.389205131818869,68_il2.ifng_CD4_pos,9
CRACC,il2,il2.ifng,Donor B,CD8,pos,11065,68_il2.ifng_CD8_pos,5.45967498050201,0.00698998561395968,0.0160130420654829,-1.67240893228965,-1.44409570519999,-1.15603294231479,68_il2.ifng_CD8_pos,31
CRACC,ifng,il2.ifng,Donor B,CD8,pos,21926,68_il2.ifng_CD8_pos,91.9892943855279,0.117773282601892,0.126796339053415,0.107598052394208,0.12629487205285,0.389205131818869,68_il2.ifng_CD8_pos,7
CRTAM,il2,il2.ifng,Donor A,CD4,pos,1901,67_il2.ifng_CD4_pos,6.19330838119195,0.00279282788315973,0.00489466718996969,-1.29080412445339,-0.862305497575334,-0.626183496072087,67_il2.ifng_CD4_pos,15
CRTAM,ifng,il2.ifng,Donor A,CD4,pos,4371,67_il2.ifng_CD4_pos,15.692479598567,0.00707641084236767,0.00917825014917763,-1.81180492709973,-0.853362601469718,-0.423360552462256,67_il2.ifng_CD4_pos,23
CRTAM,il2,il2.ifng,Donor A,CD8,pos,9574,67_il2.ifng_CD8_pos,0.72607310784165,0.000306712019361665,0.0407603225571499,-0.433806870697275,-0.862305497575334,-0.626183496072087,67_il2.ifng_CD8_pos,14
CRTAM,ifng,il2.ifng,Donor A,CD8,pos,51343,67_il2.ifng_CD8_pos,384.296226278233,0.162336643957581,0.202790254495369,0.105079724160291,-0.853362601469718,-0.423360552462256,67_il2.ifng_CD8_pos,13
CRTAM,il2,il2.ifng,Donor B,CD4,pos,2035,68_il2.ifng_CD4_pos,2.25389276174344,0.000469133370406536,0.0042281407372451,-0.576278710935531,-0.710957868289277,-0.626183496072087,68_il2.ifng_CD4_pos,11
CRTAM,ifng,il2.ifng,Donor B,CD4,pos,14906,68_il2.ifng_CD4_pos,76.3962512813003,0.0159013913431702,0.0196603987100088,-0.348931856971042,-0.335647108337676,-0.423360552462256,68_il2.ifng_CD4_pos,17
CRTAM,il2,il2.ifng,Donor B,CD8,pos,11065,68_il2.ifng_CD8_pos,33.4625240740446,0.0209148287465882,0.0284025274337473,-0.845637025643024,-0.710957868289277,-0.626183496072087,68_il2.ifng_CD8_pos,16
CRTAM,ifng,il2.ifng,Donor B,CD8,pos,21926,68_il2.ifng_CD8_pos,138.60455900668,0.0866309609133648,0.0941186596005239,-0.32236235970431,-0.335647108337676,-0.423360552462256,68_il2.ifng_CD8_pos,17
CTLA4,il2,il2.ifng,Donor A,CD4,pos,1901,67_il2.ifng_CD4_pos,127.524540481566,0.00406088064523344,0.00535756457942776,-1.16043755733631,-0.546637076536253,-0.151516752033296,67_il2.ifng_CD4_pos,12
CTLA4,ifng,il2.ifng,Donor A,CD4,pos,4371,67_il2.ifng_CD4_pos,292.786847380469,0.0093234795217955,0.0106201634559898,-1.60128998854273,-0.70547713662971,-0.233624079932047,67_il2.ifng_CD4_pos,22
CTLA4,il2,il2.ifng,Donor A,CD8,pos,9574,67_il2.ifng_CD8_pos,10.7873718879331,0.000258131871633939,0.0576825819617307,0.0671634042638053,-0.546637076536253,-0.151516752033296,67_il2.ifng_CD8_pos,9
CTLA4,ifng,il2.ifng,Donor A,CD8,pos,51343,67_il2.ifng_CD8_pos,6590.76174867847,0.157710857042282,0.215135307132379,0.190335715283307,-0.70547713662971,-0.233624079932047,67_il2.ifng_CD8_pos,10
CTLA4,il2,il2.ifng,Donor B,CD4,pos,2035,68_il2.ifng_CD4_pos,129.519284643951,0.00206078514654571,0.00674237517538914,0.0969547976672226,0.0239436107848283,-0.151516752033296,68_il2.ifng_CD4_pos,8
CTLA4,ifng,il2.ifng,Donor B,CD4,pos,14906,68_il2.ifng_CD4_pos,1645.4297359301,0.0261804809130233,0.0308620709418668,0.301610437933671,0.060631516753709,-0.233624079932047,68_il2.ifng_CD4_pos,7
CTLA4,il2,il2.ifng,Donor B,CD8,pos,11065,68_il2.ifng_CD8_pos,1111.39609562768,0.0472709638414987,0.0493342222456247,-0.0490675760975661,0.0239436107848283,-0.151516752033296,68_il2.ifng_CD8_pos,5
CTLA4,ifng,il2.ifng,Donor B,CD8,pos,21926,68_il2.ifng_CD8_pos,2393.23871884867,0.101791522741384,0.10385478114551,-0.180347404426253,0.060631516753709,-0.233624079932047,68_il2.ifng_CD8_pos,14
CXADR,il2,il2.ifng,Donor A,CD4,pos,1901,67_il2.ifng_CD4_pos,1.81478338611671,0.00280193678926494,0.00910086963362094,-0.396010483785907,-0.302434227694311,-0.362478246078118,67_il2.ifng_CD4_pos,7
CXADR,ifng,il2.ifng,Donor A,CD4,pos,4371,67_il2.ifng_CD4_pos,29.836061715143,0.0460654200418507,0.0523643528862067,0.700489069512874,0.351751514741295,0.0433970307100568,67_il2.ifng_CD4_pos,6
CXADR,il2,il2.ifng,Donor A,CD8,pos,9574,67_il2.ifng_CD8_pos,0.985384932070811,0.000774077443549043,0.0476380502578234,-0.208857971602715,-0.302434227694311,-0.362478246078118,67_il2.ifng_CD8_pos,12
CXADR,ifng,il2.ifng,Donor A,CD8,pos,51343,67_il2.ifng_CD8_pos,180.858975056443,0.142075293114519,0.188939265928794,0.00301395996971655,0.351751514741295,0.0433970307100568,67_il2.ifng_CD8_pos,16
CXADR,il2,il2.ifng,Donor B,CD4,pos,2035,68_il2.ifng_CD4_pos,3.91116685126067,0.00292482142887804,0.00539947038520495,-0.223484204377633,-0.608449845769212,-0.362478246078118,68_il2.ifng_CD4_pos,9
CXADR,ifng,il2.ifng,Donor B,CD4,pos,14906,68_il2.ifng_CD4_pos,24.5559379118465,0.0183632496751238,0.0208378986314507,-0.265014638189089,-0.205007310080823,0.0433970307100568,68_il2.ifng_CD4_pos,16
CXADR,il2,il2.ifng,Donor B,CD8,pos,11065,68_il2.ifng_CD8_pos,12.0641205214319,0.0171737264255569,0.0256372381913514,-0.993415487160792,-0.608449845769212,-0.362478246078118,68_il2.ifng_CD8_pos,18
CXADR,ifng,il2.ifng,Donor B,CD8,pos,21926,68_il2.ifng_CD8_pos,68.8195770590381,0.0979672398858113,0.106430751651606,-0.144999981972557,-0.205007310080823,0.0433970307100568,68_il2.ifng_CD8_pos,12
DC-SIGN,il2,il2.ifng,Donor A,CD4,pos,1901,67_il2.ifng_CD4_pos,9.41958995651054,0.00135028293425601,0.00158516531674045,-2.91738158567262,-2.47604568429752,-1.63081693639146,67_il2.ifng_CD4_pos,31
DC-SIGN,ifng,il2.ifng,Donor A,CD4,pos,4371,67_il2.ifng_CD4_pos,14.8558488418711,0.00212956182356971,0.00236444420605415,-3.76852295557824,-2.42165263960897,-1.2686023222845,67_il2.ifng_CD4_pos,30
DC-SIGN,il2,il2.ifng,Donor A,CD8,pos,9574,67_il2.ifng_CD8_pos,0.363036553920825,5.54575761850268e-05,0.0134374795218993,-2.03470978292243,-2.47604568429752,-1.63081693639146,67_il2.ifng_CD8_pos,31
DC-SIGN,ifng,il2.ifng,Donor A,CD8,pos,51343,67_il2.ifng_CD8_pos,498.351435773287,0.0761283193602095,0.0895103413059238,-1.0747823236397,-2.42165263960897,-1.2686023222845,67_il2.ifng_CD8_pos,32
DC-SIGN,il2,il2.ifng,Donor B,CD4,pos,2035,68_il2.ifng_CD4_pos,8.69737442178644,0.000677269432726361,0.00131600626986963,-2.26013574723708,-1.41419918170029,-1.63081693639146,68_il2.ifng_CD4_pos,33
DC-SIGN,ifng,il2.ifng,Donor B,CD4,pos,14906,68_il2.ifng_CD4_pos,269.933421193928,0.0210198671668026,0.0216586040039459,-0.20928417893923,-0.580977725189305,-1.2686023222845,68_il2.ifng_CD4_pos,15
DC-SIGN,il2,il2.ifng,Donor B,CD8,pos,11065,68_il2.ifng_CD8_pos,135.082926130485,0.032977495054297,0.0344234984358999,-0.568262616163508,-1.41419918170029,-1.63081693639146,68_il2.ifng_CD8_pos,11
DC-SIGN,ifng,il2.ifng,Donor B,CD8,pos,21926,68_il2.ifng_CD8_pos,243.144116944057,0.0593582338174897,0.0608042371990926,-0.95267127143938,-0.580977725189305,-1.2686023222845,68_il2.ifng_CD8_pos,31
HAVCR2,il2,il2.ifng,Donor A,CD4,pos,1901,67_il2.ifng_CD4_pos,7.95047959632082,0.00200220577456176,0.00384375847345681,-1.63949720668926,-1.06228810938611,-0.833101937964845,67_il2.ifng_CD4_pos,18
HAVCR2,ifng,il2.ifng,Donor A,CD4,pos,4371,67_il2.ifng_CD4_pos,27.0435239191444,0.00681049477574498,0.00865204747464003,-1.89698247287364,-1.00546827390579,-0.832090850215688,67_il2.ifng_CD4_pos,25
HAVCR2,il2,il2.ifng,Donor A,CD8,pos,9574,67_il2.ifng_CD8_pos,0.881660202379147,0.000245022402837995,0.0393371742577712,-0.48507901208297,-1.06228810938611,-0.833101937964845,67_il2.ifng_CD8_pos,15
HAVCR2,ifng,il2.ifng,Donor A,CD8,pos,51343,67_il2.ifng_CD8_pos,486.247617622791,0.135133194537629,0.174225346392562,-0.113954074937945,-1.00546827390579,-0.832090850215688,67_il2.ifng_CD8_pos,18
HAVCR2,il2,il2.ifng,Donor B,CD4,pos,2035,68_il2.ifng_CD4_pos,17.6599126978956,0.00205162541442744,0.003630288874604,-0.79621775677355,-0.921689473615936,-0.833101937964845,68_il2.ifng_CD4_pos,14
HAVCR2,ifng,il2.ifng,Donor B,CD4,pos,14906,68_il2.ifng_CD4_pos,47.2929174598526,0.00549421466815148,0.00707287812832804,-1.82385512881625,-1.24174521502142,-0.832090850215688,68_il2.ifng_CD4_pos,32
HAVCR2,il2,il2.ifng,Donor B,CD8,pos,11065,68_il2.ifng_CD8_pos,44.7341111305649,0.02112454734066,0.0246997279325568,-1.04716119045832,-0.921689473615936,-0.833101937964845,68_il2.ifng_CD8_pos,19
HAVCR2,ifng,il2.ifng,Donor B,CD8,pos,21926,68_il2.ifng_CD8_pos,150.189417669925,0.0709231363595092,0.074498316951406,-0.659635301226581,-1.24174521502142,-0.832090850215688,68_il2.ifng_CD8_pos,26
ICOS,il2,il2.ifng,Donor A,CD4,pos,1901,67_il2.ifng_CD4_pos,32.4068461806555,0.00143513999582152,0.00201588905171102,-2.5705986528558,-1.65569572808854,-0.861264171012702,67_il2.ifng_CD4_pos,28
ICOS,ifng,il2.ifng,Donor A,CD4,pos,4371,67_il2.ifng_CD4_pos,111.543230345434,0.00493970163710103,0.00552045069299053,-2.54523800008335,-1.43250122583743,-0.574075216405086,67_il2.ifng_CD4_pos,28
ICOS,il2,il2.ifng,Donor A,CD8,pos,9574,67_il2.ifng_CD8_pos,2.85243006652077,0.000112311086965605,0.0329477406062016,-0.74079280332128,-1.65569572808854,-0.861264171012702,67_il2.ifng_CD8_pos,19
ICOS,ifng,il2.ifng,Donor A,CD8,pos,51343,67_il2.ifng_CD8_pos,3002.67796425754,0.118226921645365,0.151062351164601,-0.319764451591502,-1.43250122583743,-0.574075216405086,67_il2.ifng_CD8_pos,22
ICOS,il2,il2.ifng,Donor B,CD4,pos,2035,68_il2.ifng_CD4_pos,67.5637500814385,0.00161125220964404,0.00372689846782502,-0.758326593628833,-0.647202137005427,-0.861264171012702,68_il2.ifng_CD4_pos,13
ICOS,ifng,il2.ifng,Donor B,CD4,pos,14906,68_il2.ifng_CD4_pos,1033.53214233416,0.0246475505883969,0.0267631968465778,0.0960260186728122,-0.096993562014266,-0.574075216405086,68_il2.ifng_CD4_pos,10
ICOS,il2,il2.ifng,Donor B,CD8,pos,11065,68_il2.ifng_CD8_pos,409.211445716014,0.0328895725046169,0.0352000788527714,-0.536077680382022,-0.647202137005427,-0.861264171012702,68_il2.ifng_CD8_pos,10
ICOS,ifng,il2.ifng,Donor B,CD8,pos,21926,68_il2.ifng_CD8_pos,1168.82949013096,0.0939423925299364,0.0962528988780909,-0.290013142701344,-0.096993562014266,-0.574075216405086,68_il2.ifng_CD8_pos,15
ILT4,il2,il2.ifng,Donor A,CD4,pos,1901,67_il2.ifng_CD4_pos,0.345673025926992,0.000682469602486086,0.00180816527712896,-2.72748833767016,-1.85528897129977,-1.53571737041928,67_il2.ifng_CD4_pos,29
ILT4,ifng,il2.ifng,Donor A,CD4,pos,4371,67_il2.ifng_CD4_pos,19.2990365091887,0.0381024979877148,0.0392281936623576,0.283794945757673,0.222274200136334,-0.713299537595421,67_il2.ifng_CD4_pos,9
ILT4,il2,il2.ifng,Donor A,CD8,pos,9574,67_il2.ifng_CD8_pos,0.363036553920825,0.000655166731207135,0.0278539654805584,-0.983089604929377,-1.85528897129977,-1.53571737041928,67_il2.ifng_CD8_pos,22
ILT4,ifng,il2.ifng,Donor A,CD8,pos,51343,67_il2.ifng_CD8_pos,101.718625610895,0.183570108091392,0.210768906840744,0.160753454514994,0.222274200136334,-0.713299537595421,67_il2.ifng_CD8_pos,11
ILT4,il2,il2.ifng,Donor B,CD4,pos,2035,68_il2.ifng_CD4_pos,0.291680239755033,0.000369474157333891,0.00161808707780678,-1.96201286088905,-1.96201286088905,-1.53571737041928,68_il2.ifng_CD4_pos,30
ILT4,ifng,il2.ifng,Donor B,CD4,pos,14906,68_il2.ifng_CD4_pos,11.4594376921951,0.0145157796373175,0.0157643925577904,-0.667554856213883,-0.667554856213883,-0.713299537595421,68_il2.ifng_CD4_pos,23
KIR2DL1,il2,il2.ifng,Donor A,CD4,pos,1901,67_il2.ifng_CD4_pos,2.67896595093419,0.00190585186991116,0.0051469168291197,-1.21830642270767,-0.813711093973238,-0.936891479387104,67_il2.ifng_CD4_pos,14
KIR2DL1,ifng,il2.ifng,Donor A,CD4,pos,4371,67_il2.ifng_CD4_pos,26.9756889929258,0.0191908625383542,0.0224319274975628,-0.522542367997311,-0.189500150447511,-0.0817038109571394,67_il2.ifng_CD4_pos,15
KIR2DL1,il2,il2.ifng,Donor A,CD8,pos,9574,67_il2.ifng_CD8_pos,1.4521462156833,0.00077442503686925,0.0414639216803894,-0.409115765238801,-0.813711093973238,-0.936891479387104,67_il2.ifng_CD8_pos,13
KIR2DL1,ifng,il2.ifng,Donor A,CD8,pos,51343,67_il2.ifng_CD8_pos,314.233740445557,0.167579871366882,0.208269368010403,0.143542067102289,-0.189500150447511,-0.0817038109571394,67_il2.ifng_CD8_pos,12
KIR2DL1,il2,il2.ifng,Donor B,CD4,pos,2035,68_il2.ifng_CD4_pos,5.80708840966838,0.00187203695209449,0.0031884940261295,-0.983426931573305,-1.06765897462482,-0.936891479387104,68_il2.ifng_CD4_pos,16
KIR2DL1,ifng,il2.ifng,Donor B,CD4,pos,14906,68_il2.ifng_CD4_pos,54.5687509152145,0.0175913833123053,0.0189078403863403,-0.405239845478551,-0.22153202048473,-0.0817038109571394,68_il2.ifng_CD4_pos,18
KIR2DL1,il2,il2.ifng,Donor B,CD8,pos,11065,68_il2.ifng_CD8_pos,18.3163289668455,0.014971077786923,0.0229702303337331,-1.15189101767633,-1.06765897462482,-0.936891479387104,68_il2.ifng_CD8_pos,23
KIR2DL1,ifng,il2.ifng,Donor B,CD8,pos,21926,68_il2.ifng_CD8_pos,130.467574945591,0.106639284362998,0.114638436909808,-0.0378241954909082,-0.22153202048473,-0.0817038109571394,68_il2.ifng_CD8_pos,9
KIR3DL1,il2,il2.ifng,Donor A,CD4,pos,1901,67_il2.ifng_CD4_pos,3.74479111420908,0.00213518283672501,0.00276643578483639,-2.11398645642249,-1.90061877238545,-1.60057696623005,67_il2.ifng_CD4_pos,24
KIR3DL1,ifng,il2.ifng,Donor A,CD4,pos,4371,67_il2.ifng_CD4_pos,33.3295604154003,0.0190036515213165,0.0196349044694279,-0.714675380705056,-0.63596462732799,-0.672860999303672,67_il2.ifng_CD4_pos,17
KIR3DL1,il2,il2.ifng,Donor A,CD8,pos,9574,67_il2.ifng_CD8_pos,1.2965591211458,0.000587691448914389,0.0170967399039341,-1.68725108834841,-1.90061877238545,-1.60057696623005,67_il2.ifng_CD8_pos,28
KIR3DL1,ifng,il2.ifng,Donor A,CD8,pos,51343,67_il2.ifng_CD8_pos,246.266146215851,0.111625074343124,0.128134122798144,-0.557253873950923,-0.63596462732799,-0.672860999303672,67_il2.ifng_CD8_pos,28
KIR3DL1,il2,il2.ifng,Donor B,CD4,pos,2035,68_il2.ifng_CD4_pos,3.27477360088605,0.00100426705949231,0.00296912908572322,-1.08626229254848,-1.78033007250604,-1.60057696623005,68_il2.ifng_CD4_pos,17
KIR3DL1,ifng,il2.ifng,Donor B,CD4,pos,14906,68_il2.ifng_CD4_pos,27.6481671303754,0.00847879789212336,0.0104436599183543,-1.26159705219672,-0.88593979748129,-0.672860999303672,68_il2.ifng_CD4_pos,29
KIR3DL1,il2,il2.ifng,Donor B,CD8,pos,11065,68_il2.ifng_CD8_pos,1.76118547758129,0.00140345302131521,0.00918440705179007,-2.4743978524636,-1.78033007250604,-1.60057696623005,68_il2.ifng_CD8_pos,32
KIR3DL1,ifng,il2.ifng,Donor B,CD8,pos,21926,68_il2.ifng_CD8_pos,93.9201041627354,0.0748430279645805,0.0826239819950554,-0.510282542765858,-0.88593979748129,-0.672860999303672,68_il2.ifng_CD8_pos,22
KLRG1,il2,il2.ifng,Donor B,CD4,pos,2035,68_il2.ifng_CD4_pos,0.198872890742068,0.000295555049686468,0.0112824463130352,0.839705898679269,0.839705898679269,-0.045782566478646,68_il2.ifng_CD4_pos,7
KLRG1,ifng,il2.ifng,Donor B,CD4,pos,14906,68_il2.ifng_CD4_pos,8.91289598281837,0.0132459049859578,0.0242327962493065,-0.0472635480106289,-0.0472635480106289,-1.17475105278706,68_il2.ifng_CD4_pos,13
LAG3,il2,il2.ifng,Donor A,CD4,pos,1901,67_il2.ifng_CD4_pos,14.8927462003546,0.00220589933969334,0.00425408484263567,-1.4931660859993,-1.21447873410185,-0.879657402600084,67_il2.ifng_CD4_pos,17
LAG3,ifng,il2.ifng,Donor A,CD4,pos,4371,67_il2.ifng_CD4_pos,94.8784501377339,0.0140533053940698,0.0161014908970121,-1.00090168048627,-0.628286684157765,-0.436268567801365,67_il2.ifng_CD4_pos,18
LAG3,il2,il2.ifng,Donor A,CD8,pos,9574,67_il2.ifng_CD8_pos,2.59311824229161,0.000325509561833945,0.0287822815270474,-0.93579138220439,-1.21447873410185,-0.879657402600084,67_il2.ifng_CD8_pos,21
LAG3,ifng,il2.ifng,Donor A,CD8,pos,51343,67_il2.ifng_CD8_pos,1031.38496586242,0.129467936650395,0.157924708615608,-0.255671687829259,-0.628286684157765,-0.436268567801365,67_il2.ifng_CD8_pos,21
LAG3,il2,il2.ifng,Donor B,CD4,pos,2035,68_il2.ifng_CD4_pos,14.1067170499707,0.0010051785468866,0.0025202981892463,-1.32270767339902,-1.06628616418656,-0.879657402600084,68_il2.ifng_CD4_pos,23
LAG3,ifng,il2.ifng,Donor B,CD4,pos,14906,68_il2.ifng_CD4_pos,222.094816224923,0.0158254357731289,0.0173405554154886,-0.530074327976661,-0.446651586410769,-0.436268567801365,68_il2.ifng_CD4_pos,20
LAG3,il2,il2.ifng,Donor B,CD8,pos,11065,68_il2.ifng_CD8_pos,102.58905406911,0.0240883839273425,0.0291155866130509,-0.809864654974096,-1.06628616418656,-0.879657402600084,68_il2.ifng_CD8_pos,15
LAG3,ifng,il2.ifng,Donor B,CD8,pos,21926,68_il2.ifng_CD8_pos,368.233007510284,0.0864628116529103,0.0914900143386186,-0.363228844844876,-0.446651586410769,-0.436268567801365,68_il2.ifng_CD8_pos,19
LAIR1,il2,il2.ifng,Donor A,CD4,pos,1901,67_il2.ifng_CD4_pos,5.12748321791705,0.00346468679474306,0.0185686875735309,0.632785052316392,-0.0245093914365866,-0.710258951503528,67_il2.ifng_CD4_pos,5
LAIR1,ifng,il2.ifng,Donor A,CD4,pos,4371,67_il2.ifng_CD4_pos,26.3651746569585,0.0178151870211613,0.0329191877999492,0.0308327817260982,-0.253070618677359,-0.741100256169922,67_il2.ifng_CD4_pos,11
LAIR1,il2,il2.ifng,Donor A,CD8,pos,9574,67_il2.ifng_CD8_pos,24.3753114775411,0.0188132382451635,0.0343228298195034,-0.681803835189565,-0.0245093914365866,-0.710258951503528,67_il2.ifng_CD8_pos,17
LAIR1,ifng,il2.ifng,Donor A,CD8,pos,51343,67_il2.ifng_CD8_pos,148.27177234357,0.114438421872163,0.129948013446503,-0.536974019080816,-0.253070618677359,-0.741100256169922,67_il2.ifng_CD8_pos,27
LAIR1,il2,il2.ifng,Donor B,CD4,pos,2035,68_il2.ifng_CD4_pos,0.172356505309792,4.72151944289993e-05,0.0020820506309049,-1.59829695753844,-1.52305345977591,-0.710258951503528,68_il2.ifng_CD4_pos,27
LAIR1,ifng,il2.ifng,Donor B,CD4,pos,14906,68_il2.ifng_CD4_pos,14.5516669107239,0.00398627125341714,0.00602110668989305,-2.05612385026016,-1.36950223919594,-0.741100256169922,68_il2.ifng_CD4_pos,34
LAIR1,il2,il2.ifng,Donor B,CD8,pos,11065,68_il2.ifng_CD8_pos,11.2715870565203,0.0123854951543457,0.0187104775229538,-1.44780996201338,-1.52305345977591,-0.710258951503528,68_il2.ifng_CD8_pos,28
LAIR1,ifng,il2.ifng,Donor B,CD8,pos,21926,68_il2.ifng_CD8_pos,60.958422966122,0.0669826040004466,0.0733075863690547,-0.682880628131708,-1.36950223919594,-0.741100256169922,68_il2.ifng_CD8_pos,27
HAVCR1b,il2,il2.ifng,Donor A,CD4,pos,1901,67_il2.ifng_CD4_pos,28.3451881260134,0.00195080852180211,0.00239122046317924,-2.32426774418101,-2.00057145586933,-1.766480607148,67_il2.ifng_CD4_pos,27
HAVCR1b,ifng,il2.ifng,Donor A,CD4,pos,4371,67_il2.ifng_CD4_pos,48.6376420987287,0.00334740155065274,0.00378781349202987,-3.08865875864364,-2.06927012613699,-1.54521847029331,67_il2.ifng_CD4_pos,29
HAVCR1b,il2,il2.ifng,Donor A,CD8,pos,9574,67_il2.ifng_CD8_pos,1.65959567506663,0.000120989950952172,0.017220143575488,-1.67687516755764,-2.00057145586933,-1.766480607148,67_il2.ifng_CD8_pos,27
HAVCR1b,ifng,il2.ifng,Donor A,CD8,pos,51343,67_il2.ifng_CD8_pos,1014.62583303865,0.0739695406649122,0.091068694289448,-1.04988149363034,-2.06927012613699,-1.54521847029331,67_il2.ifng_CD8_pos,31
HAVCR1b,il2,il2.ifng,Donor B,CD4,pos,2035,68_il2.ifng_CD4_pos,39.337057788781,0.00111159776540338,0.00191938047842179,-1.71566138473962,-1.53238975842668,-1.766480607148,68_il2.ifng_CD4_pos,29
HAVCR1b,ifng,il2.ifng,Donor B,CD4,pos,14906,68_il2.ifng_CD4_pos,367.97527700493,0.0103983500199405,0.0112061327329589,-1.15993595056001,-1.02116681444964,-1.54521847029331,68_il2.ifng_CD4_pos,28
HAVCR1b,il2,il2.ifng,Donor B,CD8,pos,11065,68_il2.ifng_CD8_pos,142.303786588569,0.0170611697895307,0.0200352180190502,-1.34911813211374,-1.53238975842668,-1.766480607148,68_il2.ifng_CD8_pos,27
HAVCR1b,ifng,il2.ifng,Donor B,CD8,pos,21926,68_il2.ifng_CD8_pos,507.665056421482,0.0608652793538126,0.0638393275833321,-0.882397678339269,-1.02116681444964,-1.54521847029331,68_il2.ifng_CD8_pos,28
NKR-P1A,il2,il2.ifng,Donor A,CD4,pos,1901,67_il2.ifng_CD4_pos,31.3122149318867,0.00219179741871492,0.00252464525423145,-2.24593420788104,-1.99871080196106,-1.38688206897419,67_il2.ifng_CD4_pos,26
NKR-P1A,ifng,il2.ifng,Donor A,CD4,pos,4371,67_il2.ifng_CD4_pos,76.6308549849333,0.00536401881870239,0.00569686665421891,-2.49985541676796,-1.85759221249478,-1.27115754764285,67_il2.ifng_CD4_pos,27
NKR-P1A,il2,il2.ifng,Donor A,CD8,pos,9574,67_il2.ifng_CD8_pos,0.674210742995818,5.51959531150918e-05,0.0163522022240144,-1.75148739604109,-1.99871080196106,-1.38688206897419,67_il2.ifng_CD8_pos,30
NKR-P1A,ifng,il2.ifng,Donor A,CD8,pos,51343,67_il2.ifng_CD8_pos,792.800088857456,0.0649045672867426,0.0812015735576419,-1.2153290082216,-1.85759221249478,-1.27115754764285,67_il2.ifng_CD8_pos,33
NKR-P1A,il2,il2.ifng,Donor B,CD4,pos,2035,68_il2.ifng_CD4_pos,19.714932568897,0.000659568664771002,0.00209054921509877,-1.59242010249463,-1.32070708920461,-1.38688206897419,68_il2.ifng_CD4_pos,26
NKR-P1A,ifng,il2.ifng,Donor B,CD4,pos,14906,68_il2.ifng_CD4_pos,335.052130619417,0.011209264127536,0.0126402446778638,-0.986200046483401,-1.1133398135038,-1.27115754764285,68_il2.ifng_CD4_pos,26
NKR-P1A,il2,il2.ifng,Donor B,CD8,pos,11065,68_il2.ifng_CD8_pos,155.33655912267,0.0226757714932772,0.0246683678564353,-1.0489940759146,-1.32070708920461,-1.38688206897419,68_il2.ifng_CD8_pos,20
NKR-P1A,ifng,il2.ifng,Donor B,CD8,pos,21926,68_il2.ifng_CD8_pos,327.548087204841,0.0478149227745642,0.0498075191377223,-1.2404795805242,-1.1133398135038,-1.27115754764285,68_il2.ifng_CD8_pos,32
NTB-A,il2,il2.ifng,Donor A,CD4,pos,1901,67_il2.ifng_CD4_pos,33.7031200278818,0.00565885437020195,0.0209398830708133,0.806166588696458,0.803526659378627,0.757664363971926,67_il2.ifng_CD4_pos,4
NTB-A,ifng,il2.ifng,Donor A,CD4,pos,4371,67_il2.ifng_CD4_pos,787.913973849954,0.132293106115263,0.147574134815874,2.19527201907901,1.5012678041048,1.13944013117033,67_il2.ifng_CD4_pos,2
NTB-A,il2,il2.ifng,Donor A,CD8,pos,9574,67_il2.ifng_CD8_pos,16.0254707373621,0.00146184383643772,0.0959218224393497,0.800886730060796,0.803526659378627,0.757664363971926,67_il2.ifng_CD8_pos,4
NTB-A,ifng,il2.ifng,Donor A,CD8,pos,51343,67_il2.ifng_CD8_pos,2581.37198632683,0.235472816343991,0.329932794946902,0.807263589130603,1.5012678041048,1.13944013117033,67_il2.ifng_CD8_pos,3
NTB-A,il2,il2.ifng,Donor B,CD4,pos,2035,68_il2.ifng_CD4_pos,80.5037461723891,0.00623542275353509,0.0207307331506195,1.71739712393902,0.72423472951104,0.757664363971926,68_il2.ifng_CD4_pos,3
NTB-A,ifng,il2.ifng,Donor B,CD4,pos,14906,68_il2.ifng_CD4_pos,766.327158685996,0.0593559185642149,0.0738512289612994,1.56039749254605,1.1022977552979,1.13944013117033,68_il2.ifng_CD4_pos,2
NTB-A,il2,il2.ifng,Donor B,CD8,pos,11065,68_il2.ifng_CD8_pos,148.73211358174,0.0272640673016017,0.0423607659608709,-0.268927664916941,0.72423472951104,0.757664363971926,68_il2.ifng_CD8_pos,6
NTB-A,ifng,il2.ifng,Donor B,CD8,pos,21926,68_il2.ifng_CD8_pos,920.996263727969,0.168827723308074,0.183924421967343,0.644198018049756,1.1022977552979,1.13944013117033,68_il2.ifng_CD8_pos,3
NKG2D,il2,il2.ifng,Donor A,CD4,pos,1901,67_il2.ifng_CD4_pos,7.3743578864425,0.000891573126733992,0.00161571885223187,-2.88983871274999,-2.19974558572761,-1.42386922882078,67_il2.ifng_CD4_pos,30
NKG2D,ifng,il2.ifng,Donor A,CD4,pos,4371,67_il2.ifng_CD4_pos,67.4053050192052,0.00814942256395191,0.00887356828944978,-1.86050968851592,-1.16196296360589,-0.738354650973884,67_il2.ifng_CD4_pos,24
NKG2D,il2,il2.ifng,Donor A,CD8,pos,9574,67_il2.ifng_CD8_pos,1.81518276960413,0.000219714222857905,0.0193364088146837,-1.50965245870524,-2.19974558572761,-1.42386922882078,67_il2.ifng_CD8_pos,26
NKG2D,ifng,il2.ifng,Donor A,CD8,pos,51343,67_il2.ifng_CD8_pos,971.796938044592,0.117628710779756,0.136745405371581,-0.463416238695855,-1.16196296360589,-0.738354650973884,67_il2.ifng_CD8_pos,25
NKG2D,il2,il2.ifng,Donor B,CD4,pos,2035,68_il2.ifng_CD4_pos,13.6294221121897,0.000790579647844604,0.00263452765973633,-1.25875778322828,-0.965818729152074,-1.42386922882078,68_il2.ifng_CD4_pos,21
NKG2D,ifng,il2.ifng,Donor B,CD4,pos,14906,68_il2.ifng_CD4_pos,427.637111338898,0.0248052480952381,0.0266491961071298,0.089867577078744,-0.431378251795554,-0.738354650973884,68_il2.ifng_CD4_pos,11
NKG2D,il2,il2.ifng,Donor B,CD8,pos,11065,68_il2.ifng_CD8_pos,125.22028745603,0.0283504938684303,0.0320156359154363,-0.672879675075866,-0.965818729152074,-1.42386922882078,68_il2.ifng_CD8_pos,13
NKG2D,ifng,il2.ifng,Donor B,CD8,pos,21926,68_il2.ifng_CD8_pos,252.384420877835,0.0571410841002652,0.0608062261472712,-0.952624080669851,-0.431378251795554,-0.738354650973884,68_il2.ifng_CD8_pos,30
PD1,il2,il2.ifng,Donor A,CD4,pos,1901,67_il2.ifng_CD4_pos,7.72003091236949,0.00206293861100633,0.00549917020381082,-1.12280095253217,-0.519160903715489,-0.652246514364188,67_il2.ifng_CD4_pos,11
PD1,ifng,il2.ifng,Donor A,CD4,pos,4371,67_il2.ifng_CD4_pos,99.0955213843229,0.0264802019010023,0.0299164334938068,-0.107157765826474,0.0738220000431139,-0.223378911571028,67_il2.ifng_CD4_pos,12
PD1,il2,il2.ifng,Donor A,CD8,pos,9574,67_il2.ifng_CD8_pos,2.85243006652077,0.000564755551767363,0.0583790803495848,0.0844791451011951,-0.519160903715489,-0.652246514364188,67_il2.ifng_CD8_pos,8
PD1,ifng,il2.ifng,Donor A,CD8,pos,51343,67_il2.ifng_CD8_pos,844.241315997062,0.167152203251835,0.224966528049653,0.254801765912702,0.0738220000431139,-0.223378911571028,67_il2.ifng_CD8_pos,7
PD1,il2,il2.ifng,Donor B,CD4,pos,2035,68_il2.ifng_CD4_pos,3.85813408039612,0.000550008237546641,0.00204053940322034,-1.62735154018937,-1.07728732499119,-0.652246514364188,68_il2.ifng_CD4_pos,28
PD1,ifng,il2.ifng,Donor B,CD4,pos,14906,68_il2.ifng_CD4_pos,97.49616830185,0.0138988678407324,0.0153893990064061,-0.702287544587005,-0.375710391920916,-0.223378911571028,68_il2.ifng_CD4_pos,24
PD1,il2,il2.ifng,Donor B,CD8,pos,11065,68_il2.ifng_CD8_pos,105.49501010712,0.031155433013396,0.0354167844003452,-0.527223109793015,-1.07728732499119,-0.652246514364188,68_il2.ifng_CD8_pos,9
PD1,ifng,il2.ifng,Donor B,CD8,pos,21926,68_il2.ifng_CD8_pos,370.715477223837,0.109481967023357,0.113743318410306,-0.0491332392548275,-0.375710391920916,-0.223378911571028,68_il2.ifng_CD8_pos,10
Siglec-3,il2,il2.ifng,Donor A,CD4,pos,1901,67_il2.ifng_CD4_pos,4.95464670495356,0.00234703620398667,0.00352966810580169,-1.76248235895138,-1.16126152589849,-1.0164603667367,67_il2.ifng_CD4_pos,19
Siglec-3,ifng,il2.ifng,Donor A,CD4,pos,4371,67_il2.ifng_CD4_pos,60.0678271665611,0.0284543729250731,0.0296370048268881,-0.120696306062687,-0.0467317144110612,-0.198455291980652,67_il2.ifng_CD4_pos,13
Siglec-3,il2,il2.ifng,Donor A,CD8,pos,9574,67_il2.ifng_CD8_pos,1.4521462156833,0.000458597565543975,0.0373454283560175,-0.5600406928456,-1.16126152589849,-1.0164603667367,67_il2.ifng_CD8_pos,16
Siglec-3,ifng,il2.ifng,Donor A,CD8,pos,51343,67_il2.ifng_CD8_pos,491.601229497049,0.155250982739151,0.192137813529624,0.0272328772405651,-0.0467317144110612,-0.198455291980652,67_il2.ifng_CD8_pos,15
Siglec-3,il2,il2.ifng,Donor B,CD4,pos,2035,68_il2.ifng_CD4_pos,10.487230438465,0.00217222752345734,0.0035212182490911,-0.840227459938284,-1.02223619501802,-1.0164603667367,68_il2.ifng_CD4_pos,15
Siglec-3,ifng,il2.ifng,Donor B,CD4,pos,14906,68_il2.ifng_CD4_pos,74.0316054083077,0.0153342192504732,0.016683209976107,-0.585827535634022,-0.4487233766643,-0.198455291980652,68_il2.ifng_CD4_pos,21
Siglec-3,il2,il2.ifng,Donor B,CD8,pos,11065,68_il2.ifng_CD8_pos,28.1789676413007,0.0164126074395104,0.0221516077266747,-1.20424493009776,-1.02223619501802,-1.0164603667367,68_il2.ifng_CD8_pos,24
Siglec-3,ifng,il2.ifng,Donor B,CD8,pos,21926,68_il2.ifng_CD8_pos,152.94771735165,0.0890831373106312,0.0948221375977955,-0.311619217694578,-0.4487233766643,-0.198455291980652,68_il2.ifng_CD8_pos,16
TACI,il2,il2.ifng,Donor A,CD4,pos,1901,67_il2.ifng_CD4_pos,12.6170654463352,0.00921438430870739,0.060730795439953,2.34234146792114,2.53757976527167,2.20292073658494,67_il2.ifng_CD4_pos,2
TACI,ifng,il2.ifng,Donor A,CD4,pos,4371,67_il2.ifng_CD4_pos,176.947405041191,0.129226673144636,0.180743084275882,2.48777258214847,1.41518866606833,1.40650882625015,67_il2.ifng_CD4_pos,1
TACI,il2,il2.ifng,Donor A,CD8,pos,9574,67_il2.ifng_CD8_pos,911.999685813958,0.279204257892432,0.366004733477121,2.7328180626222,2.53757976527167,2.20292073658494,67_il2.ifng_CD8_pos,1
TACI,ifng,il2.ifng,Donor A,CD8,pos,51343,67_il2.ifng_CD8_pos,497.420372838633,0.152282822263294,0.239083297847983,0.342604749988193,1.41518866606833,1.40650882625015,67_il2.ifng_CD8_pos,6
TACI,il2,il2.ifng,Donor B,CD4,pos,2035,68_il2.ifng_CD4_pos,25.5617955567138,0.0107876927488201,0.033102846242069,2.39258125297761,2.64234350381652,2.20292073658494,68_il2.ifng_CD4_pos,1
TACI,ifng,il2.ifng,Donor B,CD4,pos,14906,68_il2.ifng_CD4_pos,161.523502709035,0.0681668044434625,0.0904819579367114,1.85340571151509,1.9102246560418,1.40650882625015,68_il2.ifng_CD4_pos,1
TACI,il2,il2.ifng,Donor B,CD8,pos,11065,68_il2.ifng_CD8_pos,84.7130214716603,0.0337509880480397,0.378904428287412,2.89210575465543,2.64234350381652,2.20292073658494,68_il2.ifng_CD8_pos,1
TACI,ifng,il2.ifng,Donor B,CD8,pos,21926,68_il2.ifng_CD8_pos,288.518146708432,0.114950126344585,0.460103566583957,1.96704360056852,1.9102246560418,1.40650882625015,68_il2.ifng_CD8_pos,1
TIGIT,il2,il2.ifng,Donor A,CD4,pos,1901,67_il2.ifng_CD4_pos,10.5142212052793,0.00125574424621579,0.00324113214696659,-1.88551704920596,-1.36951831773251,-1.01617817826847,67_il2.ifng_CD4_pos,22
TIGIT,ifng,il2.ifng,Donor A,CD4,pos,4371,67_il2.ifng_CD4_pos,73.3973901685139,0.00876606536916757,0.0107514532699184,-1.58356427797346,-0.900957455493813,-0.535200803870718,67_il2.ifng_CD4_pos,21
TIGIT,il2,il2.ifng,Donor A,CD8,pos,9574,67_il2.ifng_CD8_pos,1.86704513444996,0.000214188674741201,0.0304713359395024,-0.853519586259064,-1.36951831773251,-1.01617817826847,67_il2.ifng_CD8_pos,20
TIGIT,ifng,il2.ifng,Donor A,CD8,pos,51343,67_il2.ifng_CD8_pos,1148.93166136242,0.131806213666025,0.162063360930786,-0.218350633014163,-0.900957455493813,-0.535200803870718,67_il2.ifng_CD8_pos,20
TIGIT,il2,il2.ifng,Donor B,CD4,pos,2035,68_il2.ifng_CD4_pos,16.7583555931983,0.0010314680480245,0.00269773066900355,-1.22455578739923,-1.17337309881166,-1.01617817826847,68_il2.ifng_CD4_pos,19
TIGIT,ifng,il2.ifng,Donor B,CD4,pos,14906,68_il2.ifng_CD4_pos,264.294650266022,0.0162671979059722,0.0179334605269513,-0.481570532134731,-0.474688741945128,-0.535200803870718,68_il2.ifng_CD4_pos,19
TIGIT,il2,il2.ifng,Donor B,CD8,pos,11065,68_il2.ifng_CD8_pos,97.5696754580037,0.0206342839599371,0.0234480171908649,-1.12219041022409,-1.17337309881166,-1.01617817826847,68_il2.ifng_CD8_pos,22
TIGIT,ifng,il2.ifng,Donor B,CD8,pos,21926,68_il2.ifng_CD8_pos,389.058170107308,0.0822790146758571,0.0850927479067848,-0.467806951755525,-0.474688741945128,-0.535200803870718,68_il2.ifng_CD8_pos,20
4-1BB,il2,il2,Donor C,CD4,pos,76976,d1_il2_CD4_pos,13013.9099518197,0.212905943904538,0.212905943904538,0.784322608775989,0.784322608775989,1.43446907666744,d1_il2_CD4_pos,2
BAFF-R,il2,il2,Donor C,CD4,pos,76976,d1_il2_CD4_pos,3288.12490608617,0.176747602691366,0.176747602691366,0.515797028522018,0.515797028522018,0.642736669542669,d1_il2_CD4_pos,6
BCMA,il2,il2,Donor C,CD4,pos,76976,d1_il2_CD4_pos,575.15139065038,0.11011711705338,0.11011711705338,-0.16685487398243,-0.16685487398243,-0.663064184397029,d1_il2_CD4_pos,18
BTLA,il2,il2,Donor C,CD4,pos,76976,d1_il2_CD4_pos,526.589978771705,0.0525243270762912,0.0525243270762912,-1.23483593989812,-1.23483593989812,-1.69991441191073,d1_il2_CD4_pos,34
CD2,il2,il2,Donor C,CD4,pos,76976,d1_il2_CD4_pos,1510.35245413126,0.179899116592452,0.179899116592452,0.541294483436864,0.541294483436864,0.0901518837192171,d1_il2_CD4_pos,5
CD200R,il2,il2,Donor C,CD4,pos,76976,d1_il2_CD4_pos,1413.43189273907,0.126410199985453,0.126410199985453,0.032219259950941,0.032219259950941,-0.561692509090121,d1_il2_CD4_pos,12
CD244,il2,il2,Donor C,CD4,pos,76976,d1_il2_CD4_pos,432.080538648827,0.0767400431497944,0.0767400431497944,-0.687842137452474,-0.687842137452474,-0.702772425177023,d1_il2_CD4_pos,29
CD28,il2,il2,Donor C,CD4,pos,76976,d1_il2_CD4_pos,32542.1648158313,0.290445050969467,0.290445050969467,1.23237162859289,1.23237162859289,1.87098763040149,d1_il2_CD4_pos,1
CD300a,il2,il2,Donor C,CD4,pos,76976,d1_il2_CD4_pos,362.637429416754,0.0875264181407015,0.0875264181407015,-0.498103181590358,-0.498103181590358,-1.81299187764155,d1_il2_CD4_pos,26
CD300f,il2,il2,Donor C,CD4,pos,76976,d1_il2_CD4_pos,2382.51115183386,0.0813936685420955,0.0813936685420955,-0.602905139233133,-0.602905139233133,-0.772268821395895,d1_il2_CD4_pos,27
CD40,il2,il2,Donor C,CD4,pos,76976,d1_il2_CD4_pos,6577.37804230188,0.143660953593576,0.143660953593576,0.216774378284038,0.216774378284038,-1.21516981787038,d1_il2_CD4_pos,10
CD7,il2,il2,Donor C,CD4,pos,76976,d1_il2_CD4_pos,12824.4398271817,0.167817263781034,0.167817263781034,0.440997518341776,0.440997518341776,0.422894266314695,d1_il2_CD4_pos,7
CD72,il2,il2,Donor C,CD4,pos,76976,d1_il2_CD4_pos,417.100170492631,0.0890803054031212,0.0890803054031212,-0.472715209326418,-0.472715209326418,-1.50003618814279,d1_il2_CD4_pos,25
CD96,il2,il2,Donor C,CD4,pos,76976,d1_il2_CD4_pos,1389.30817970542,0.125587392582396,0.125587392582396,0.0227980240859561,0.0227980240859561,-1.23471259330182,d1_il2_CD4_pos,13
CRACC,il2,il2,Donor C,CD4,pos,76976,d1_il2_CD4_pos,1226.97855647492,0.10981390841559,0.10981390841559,-0.170832829109999,-0.170832829109999,-1.15603294231479,d1_il2_CD4_pos,19
CRTAM,il2,il2,Donor C,CD4,pos,76976,d1_il2_CD4_pos,1232.11450908418,0.124963162507114,0.124963162507114,0.0156092513687854,0.0156092513687854,-0.626183496072087,d1_il2_CD4_pos,14
CTLA4,il2,il2,Donor C,CD4,pos,76976,d1_il2_CD4_pos,10671.9677863171,0.150910876712272,0.150910876712272,0.28780317133637,0.28780317133637,-0.151516752033296,d1_il2_CD4_pos,9
CXADR,il2,il2,Donor C,CD4,pos,76976,d1_il2_CD4_pos,1826.801666405,0.124424495316388,0.124424495316388,0.0093769165364561,0.0093769165364561,-0.362478246078118,d1_il2_CD4_pos,15
DC-SIGN,il2,il2,Donor C,CD4,pos,76976,d1_il2_CD4_pos,1379.14346349863,0.0954157061035245,0.0954157061035245,-0.373594949961655,-0.373594949961655,-1.63081693639146,d1_il2_CD4_pos,22
HAVCR2,il2,il2,Donor C,CD4,pos,76976,d1_il2_CD4_pos,981.907217300793,0.107798648808992,0.107798648808992,-0.197554523820128,-0.197554523820128,-0.833101937964845,d1_il2_CD4_pos,20
ICOS,il2,il2,Donor C,CD4,pos,76976,d1_il2_CD4_pos,9384.44296174027,0.152136729195801,0.152136729195801,0.299474875124429,0.299474875124429,-0.861264171012702,d1_il2_CD4_pos,8
ILT4,il2,il2,Donor C,CD4,pos,76976,d1_il2_CD4_pos,333.054984834203,0.0892308779894921,0.0892308779894921,-0.470278678188528,-0.470278678188528,-1.53571737041928,d1_il2_CD4_pos,24
KIR2DL1,il2,il2,Donor C,CD4,pos,76976,d1_il2_CD4_pos,604.617155227103,0.0652557239343996,0.0652557239343996,-0.921717259739408,-0.921717259739408,-0.936891479387104,d1_il2_CD4_pos,32
KIR3DL1,il2,il2,Donor C,CD4,pos,76976,d1_il2_CD4_pos,662.40655817879,0.079273274607232,0.079273274607232,-0.640987141367299,-0.640987141367299,-1.60057696623005,d1_il2_CD4_pos,28
KLRG1,il2,il2,Donor C,CD4,pos,76976,d1_il2_CD4_pos,157.446067091891,0.0648250171143832,0.0648250171143832,-0.931271031636561,-0.931271031636561,-0.045782566478646,d1_il2_CD4_pos,33
LAG3,il2,il2,Donor C,CD4,pos,76976,d1_il2_CD4_pos,4899.02505790685,0.138428058925005,0.138428058925005,0.163242783576388,0.163242783576388,-0.879657402600084,d1_il2_CD4_pos,11
LAIR1,il2,il2,Donor C,CD4,pos,76976,d1_il2_CD4_pos,446.779468842587,0.0901078414143675,0.0901078414143675,-0.456169055092654,-0.456169055092654,-0.710258951503528,d1_il2_CD4_pos,23
NKR-P1A,il2,il2,Donor C,CD4,pos,76976,d1_il2_CD4_pos,2634.19770439879,0.100717826580939,0.100717826580939,-0.295574562539576,-0.295574562539576,-1.38688206897419,d1_il2_CD4_pos,21
NTB-A,il2,il2,Donor C,CD4,pos,76976,d1_il2_CD4_pos,9026.37359797754,0.205436518804138,0.205436518804138,0.732799042080296,0.732799042080296,0.757664363971926,d1_il2_CD4_pos,3
NKG2D,il2,il2,Donor C,CD4,pos,76976,d1_il2_CD4_pos,1541.40971697443,0.0715823644893643,0.0715823644893643,-0.788217514344554,-0.788217514344554,-1.42386922882078,d1_il2_CD4_pos,31
PD1,il2,il2,Donor C,CD4,pos,76976,d1_il2_CD4_pos,2109.81555645389,0.117899492179191,0.117899492179191,-0.0683361144075828,-0.0683361144075828,-0.652246514364188,d1_il2_CD4_pos,17
Siglec-3,il2,il2,Donor C,CD4,pos,76976,d1_il2_CD4_pos,799.034811710648,0.07529297798469,0.07529297798469,-0.715306391850477,-0.715306391850477,-1.0164603667367,d1_il2_CD4_pos,30
TACI,il2,il2,Donor C,CD4,pos,76976,d1_il2_CD4_pos,1113.03062557409,0.19461875731433,0.19461875731433,0.654757144748318,0.654757144748318,2.20292073658494,d1_il2_CD4_pos,4
TIGIT,il2,il2,Donor C,CD4,pos,76976,d1_il2_CD4_pos,3442.87167697275,0.12403829157736,0.12403829157736,0.00489194174598353,0.00489194174598353,-1.01617817826847,d1_il2_CD4_pos,16
4-1BB,ifng,ifng,Donor C,CD4,pos,82422,d1_ifng_CD4_pos,8751.83044256914,0.15556897750449,0.15556897750449,0.393650024319044,0.393650024319044,0.368660551975956,d1_ifng_CD4_pos,5
BAFF-R,ifng,ifng,Donor C,CD4,pos,82422,d1_ifng_CD4_pos,3587.94794969244,0.195472742914099,0.195472742914099,0.723063077091125,0.723063077091125,0.901989168725411,d1_ifng_CD4_pos,1
BCMA,ifng,ifng,Donor C,CD4,pos,82422,d1_ifng_CD4_pos,769.297806707288,0.145694559746351,0.145694559746351,0.299042635625614,0.299042635625614,-0.0825180808342375,d1_ifng_CD4_pos,10
BTLA,ifng,ifng,Donor C,CD4,pos,82422,d1_ifng_CD4_pos,734.678290250372,0.0705200492771147,0.0705200492771147,-0.747798984484268,-0.747798984484268,-0.409643839314241,d1_ifng_CD4_pos,31
CD2,ifng,ifng,Donor C,CD4,pos,82422,d1_ifng_CD4_pos,1252.39661376419,0.131487326288944,0.131487326288944,0.151019376345921,0.151019376345921,0.537862634866203,d1_ifng_CD4_pos,15
CD200R,ifng,ifng,Donor C,CD4,pos,82422,d1_ifng_CD4_pos,1672.43663994904,0.132169477337143,0.132169477337143,0.158484673025317,0.158484673025317,-0.0660401494110892,d1_ifng_CD4_pos,14
CD244,ifng,ifng,Donor C,CD4,pos,82422,d1_ifng_CD4_pos,765.703350263892,0.111393618085549,0.111393618085549,-0.0882377915714742,-0.0882377915714742,0.145410741113094,d1_ifng_CD4_pos,22
CD28,ifng,ifng,Donor C,CD4,pos,82422,d1_ifng_CD4_pos,19257.9814609827,0.195230923806465,0.195230923806465,0.721277215827774,0.721277215827774,0.78676297342041,d1_ifng_CD4_pos,2
CD300a,ifng,ifng,Donor C,CD4,pos,82422,d1_ifng_CD4_pos,308.043373491613,0.0628591895538165,0.0628591895538165,-0.913708795722513,-0.913708795722513,-2.22233391856726,d1_ifng_CD4_pos,32
CD300f,ifng,ifng,Donor C,CD4,pos,82422,d1_ifng_CD4_pos,2609.80156340683,0.0984183323057315,0.0984183323057315,-0.266905396979244,-0.266905396979244,-0.18787689317769,d1_ifng_CD4_pos,23
CD40,ifng,ifng,Donor C,CD4,pos,82422,d1_ifng_CD4_pos,5361.53651645908,0.128974235939462,0.128974235939462,0.123178527434803,0.123178527434803,-1.09662743669134,d1_ifng_CD4_pos,16
CD7,ifng,ifng,Donor C,CD4,pos,82422,d1_ifng_CD4_pos,10790.8996341853,0.153383544136046,0.153383544136046,0.37323933820338,0.37323933820338,0.00511169905899335,d1_ifng_CD4_pos,7
CD72,ifng,ifng,Donor C,CD4,pos,82422,d1_ifng_CD4_pos,436.131695215194,0.0826103718979104,0.0826103718979104,-0.51950954097808,-0.51950954097808,-1.82783768928106,d1_ifng_CD4_pos,30
CD96,ifng,ifng,Donor C,CD4,pos,82422,d1_ifng_CD4_pos,1546.94419317,0.134708422656687,0.134708422656687,0.185935685898626,0.185935685898626,-0.460554204198793,d1_ifng_CD4_pos,13
CRACC,ifng,ifng,Donor C,CD4,pos,82422,d1_ifng_CD4_pos,1626.00610616273,0.150172993216389,0.150172993216389,0.342721012685271,0.342721012685271,0.389205131818869,d1_ifng_CD4_pos,8
CRTAM,ifng,ifng,Donor C,CD4,pos,82422,d1_ifng_CD4_pos,1733.90434962482,0.141924241340046,0.141924241340046,0.261216657303509,0.261216657303509,-0.423360552462256,d1_ifng_CD4_pos,11
CTLA4,ifng,ifng,Donor C,CD4,pos,82422,d1_ifng_CD4_pos,8436.76349662771,0.128830591751393,0.128830591751393,0.121570840091768,0.121570840091768,-0.233624079932047,d1_ifng_CD4_pos,17
CXADR,ifng,ifng,Donor C,CD4,pos,82422,d1_ifng_CD4_pos,1600.59788603219,0.112303361889257,0.112303361889257,-0.0765032557706607,-0.0765032557706607,0.0433970307100568,d1_ifng_CD4_pos,21
DC-SIGN,ifng,ifng,Donor C,CD4,pos,82422,d1_ifng_CD4_pos,1653.17391353993,0.0937021132684688,0.0937021132684688,-0.337750881825921,-0.337750881825921,-1.2686023222845,d1_ifng_CD4_pos,25
HAVCR2,ifng,ifng,Donor C,CD4,pos,82422,d1_ifng_CD4_pos,1510.67462138395,0.149265122133401,0.149265122133401,0.333972726775981,0.333972726775981,-0.832090850215688,d1_ifng_CD4_pos,9
ICOS,ifng,ifng,Donor C,CD4,pos,82422,d1_ifng_CD4_pos,7909.30026432207,0.134958689158637,0.134958689158637,0.18861349367795,0.18861349367795,-0.574075216405086,d1_ifng_CD4_pos,12
ILT4,ifng,ifng,Donor C,CD4,pos,82422,d1_ifng_CD4_pos,103.663110910971,0.0191273998976528,0.0191273998976528,-2.63019169444047,-2.63019169444047,-0.713299537595421,d1_ifng_CD4_pos,34
KIR2DL1,ifng,ifng,Donor C,CD4,pos,82422,d1_ifng_CD4_pos,1187.07468704985,0.157729188211734,0.157729188211734,0.413545287078784,0.413545287078784,-0.0817038109571394,d1_ifng_CD4_pos,4
KIR3DL1,ifng,ifng,Donor C,CD4,pos,82422,d1_ifng_CD4_pos,780.315576175118,0.0948295257107109,0.0948295257107109,-0.320496146899797,-0.320496146899797,-0.672860999303672,d1_ifng_CD4_pos,24
KLRG1,ifng,ifng,Donor C,CD4,pos,82422,d1_ifng_CD4_pos,49.0881484301767,0.0240093094495218,0.0240093094495218,-2.30223855756348,-2.30223855756348,-1.17475105278706,d1_ifng_CD4_pos,33
LAG3,ifng,ifng,Donor C,CD4,pos,82422,d1_ifng_CD4_pos,3866.27286168269,0.115864457532613,0.115864457532613,-0.0314662978697562,-0.0314662978697562,-0.436268567801365,d1_ifng_CD4_pos,20
LAIR1,ifng,ifng,Donor C,CD4,pos,82422,d1_ifng_CD4_pos,477.2586189353,0.0860679974627822,0.0860679974627822,-0.46035556510302,-0.46035556510302,-0.741100256169922,d1_ifng_CD4_pos,27
NKR-P1A,ifng,ifng,Donor C,CD4,pos,82422,d1_ifng_CD4_pos,2326.12916897684,0.0888830782004326,0.0888830782004326,-0.413923686217114,-0.413923686217114,-1.27115754764285,d1_ifng_CD4_pos,26
NTB-A,ifng,ifng,Donor C,CD4,pos,82422,d1_ifng_CD4_pos,7007.88873554177,0.166321411788426,0.166321411788426,0.490069537046229,0.490069537046229,1.13944013117033,d1_ifng_CD4_pos,3
NKG2D,ifng,ifng,Donor C,CD4,pos,82422,d1_ifng_CD4_pos,1626.26461795207,0.083440143741985,0.083440143741985,-0.50509082406654,-0.50509082406654,-0.738354650973884,d1_ifng_CD4_pos,28
PD1,ifng,ifng,Donor C,CD4,pos,82422,d1_ifng_CD4_pos,1449.84990503726,0.0829771837647771,0.0829771837647771,-0.513117774099537,-0.513117774099537,-0.223378911571028,d1_ifng_CD4_pos,29
Siglec-3,ifng,ifng,Donor C,CD4,pos,82422,d1_ifng_CD4_pos,1376.95051677618,0.118307217876121,0.118307217876121,-0.00136627775253659,-0.00136627775253659,-0.198455291980652,d1_ifng_CD4_pos,19
TACI,ifng,ifng,Donor C,CD4,pos,82422,d1_ifng_CD4_pos,1062.69047888624,0.154287572338293,0.154287572338293,0.381717487030473,0.381717487030473,1.40650882625015,d1_ifng_CD4_pos,6
TIGIT,ifng,ifng,Donor C,CD4,pos,82422,d1_ifng_CD4_pos,3422.92161031189,0.124763224776053,0.124763224776053,0.075288375524291,0.075288375524291,-0.535200803870718,d1_ifng_CD4_pos,18
