"# Domain abundance data: Fig 2C, 3C, S3D"
Domain Name,"Sort Group (Subset, Sort, Donor, Replicate)",Donor Name,T Cell Type,K562 Condition,Number of inferred cells for Domain,CAR abundance relative to baseline,Days of expansion,Adjusted p-value
4-1BB,prolif2_d1_3d_CTV1_CD4_neg,d1,CD4,neg,61366,0.910413757499051,3,0.000196375634860501
4-1BB,prolif2_d1_3d_CTV1_CD4_neg,d1,CD4,neg,247698,0.910413757499051,3,0.000196375634860501
4-1BB,prolif2_d1_16d_CTV2_CD4_neg,d1,CD4,neg,20594,0.883720476831679,16,0.000196375634860501
4-1BB,prolif2_d1_24d_CTV3_CD4_neg,d1,CD4,neg,9608,1.00857580034859,24,0.000196375634860501
4-1BB,prolif2_d1_3d_CTV1_CD4_neg,d1,CD4,neg,694982,0.910413757499051,3,0.000196375634860501
4-1BB,prolif2_d1_16d_CTV2_CD4_neg,d1,CD4,neg,108590,0.883720476831679,16,0.000196375634860501
4-1BB,prolif2_d1_24d_CTV3_CD4_neg,d1,CD4,neg,68455,1.00857580034859,24,0.000196375634860501
4-1BB,prolif2_d1_3d_CTV1_CD4_neg,d1,CD4,neg,486438,0.910413757499051,3,0.000196375634860501
4-1BB,prolif2_d1_16d_CTV2_CD4_neg,d1,CD4,neg,695906,0.883720476831679,16,0.000196375634860501
4-1BB,prolif2_d1_24d_CTV3_CD4_neg,d1,CD4,neg,225958,1.00857580034859,24,0.000196375634860501
4-1BB,prolif2_d1_16d_CTV2_CD8_neg,d1,CD8,neg,9218,0.84463338958787,16,0.000196375634860501
4-1BB,prolif2_d1_16d_CTV2_CD8_neg,d1,CD8,neg,120793,0.84463338958787,16,0.000196375634860501
4-1BB,prolif2_d1_24d_CTV3_CD8_neg,d1,CD8,neg,28188,0.845176807623025,24,0.000196375634860501
4-1BB,prolif2_d1_16d_CTV2_CD8_neg,d1,CD8,neg,782055,0.84463338958787,16,0.000196375634860501
4-1BB,prolif2_d1_24d_CTV3_CD8_neg,d1,CD8,neg,381486,0.845176807623025,24,0.000196375634860501
4-1BB,prolif2_d1_16d_CTV2_CD8_neg,d1,CD8,neg,1324486,0.84463338958787,16,0.000196375634860501
4-1BB,prolif2_d1_24d_CTV3_CD8_neg,d1,CD8,neg,1325165,0.845176807623025,24,0.000196375634860501
4-1BB,prolif1_d2_4d_CTV1_CD4_neg,d2,CD4,neg,14664,1.29480836812322,4,0.000196375634860501
4-1BB,prolif1_d2_14d_CTV2_CD4_neg,d2,CD4,neg,14664,1.68488596913153,14,0.000196375634860501
4-1BB,prolif2_d2_3d_CTV1_CD4_neg,d2,CD4,neg,30082,1.06920678008819,3,0.000196375634860501
4-1BB,prolif1_d2_4d_CTV1_CD4_neg,d2,CD4,neg,95426,1.29480836812322,4,0.000196375634860501
4-1BB,prolif1_d2_14d_CTV2_CD4_neg,d2,CD4,neg,95426,1.68488596913153,14,0.000196375634860501
4-1BB,prolif2_d2_3d_CTV1_CD4_neg,d2,CD4,neg,117707,1.06920678008819,3,0.000196375634860501
4-1BB,prolif1_d2_4d_CTV1_CD4_neg,d2,CD4,neg,136970,1.29480836812322,4,0.000196375634860501
4-1BB,prolif1_d2_14d_CTV2_CD4_neg,d2,CD4,neg,136970,1.68488596913153,14,0.000196375634860501
4-1BB,prolif2_d2_3d_CTV1_CD4_neg,d2,CD4,neg,263644,1.06920678008819,3,0.000196375634860501
4-1BB,prolif1_d2_4d_CTV1_CD4_neg,d2,CD4,neg,598187,1.29480836812322,4,0.000196375634860501
4-1BB,prolif1_d2_14d_CTV2_CD4_neg,d2,CD4,neg,598187,1.68488596913153,14,0.000196375634860501
4-1BB,prolif2_d2_3d_CTV1_CD4_neg,d2,CD4,neg,213141,1.06920678008819,3,0.000196375634860501
4-1BB,prolif1_d2_24d_CTV3_CD4_neg,d2,CD4,neg,5363,1.29634149351319,24,0.000196375634860501
4-1BB,prolif1_d2_4d_CTV1_CD8_neg,d2,CD8,neg,93821,1.29934094888852,4,0.000196375634860501
4-1BB,prolif2_d2_4d_CTV1_CD8_neg,d2,CD8,neg,6037,0.986404571441543,4,0.000196375634860501
4-1BB,prolif1_d2_4d_CTV1_CD8_neg,d2,CD8,neg,250650,1.29934094888852,4,0.000196375634860501
4-1BB,prolif1_d2_14d_CTV2_CD8_neg,d2,CD8,neg,18840,0.893554993124135,14,0.000196375634860501
4-1BB,prolif2_d2_4d_CTV1_CD8_neg,d2,CD8,neg,103629,0.986404571441543,4,0.000196375634860501
4-1BB,prolif2_d2_16d_CTV2_CD8_neg,d2,CD8,neg,44487,0.838558042304545,16,0.000196375634860501
4-1BB,prolif2_d2_24d_CTV3_CD8_neg,d2,CD8,neg,14361,0.75787855172948,24,0.000196375634860501
4-1BB,prolif1_d2_4d_CTV1_CD8_neg,d2,CD8,neg,217025,1.29934094888852,4,0.000196375634860501
4-1BB,prolif1_d2_14d_CTV2_CD8_neg,d2,CD8,neg,88934,0.893554993124135,14,0.000196375634860501
4-1BB,prolif2_d2_4d_CTV1_CD8_neg,d2,CD8,neg,1423971,0.986404571441543,4,0.000196375634860501
4-1BB,prolif1_d2_24d_CTV3_CD8_neg,d2,CD8,neg,7847,0.873235801715137,24,0.000196375634860501
4-1BB,prolif2_d2_16d_CTV2_CD8_neg,d2,CD8,neg,687983,0.838558042304545,16,0.000196375634860501
4-1BB,prolif2_d2_24d_CTV3_CD8_neg,d2,CD8,neg,168368,0.75787855172948,24,0.000196375634860501
4-1BB,prolif1_d2_4d_CTV1_CD8_neg,d2,CD8,neg,331861,1.29934094888852,4,0.000196375634860501
4-1BB,prolif1_d2_14d_CTV2_CD8_neg,d2,CD8,neg,498262,0.893554993124135,14,0.000196375634860501
4-1BB,prolif2_d2_4d_CTV1_CD8_neg,d2,CD8,neg,1270960,0.986404571441543,4,0.000196375634860501
4-1BB,prolif1_d2_24d_CTV3_CD8_neg,d2,CD8,neg,24324,0.873235801715137,24,0.000196375634860501
4-1BB,prolif2_d2_16d_CTV2_CD8_neg,d2,CD8,neg,1318836,0.838558042304545,16,0.000196375634860501
4-1BB,prolif2_d2_24d_CTV3_CD8_neg,d2,CD8,neg,1238524,0.75787855172948,24,0.000196375634860501
BAFF-R,prolif2_d1_3d_CTV1_CD4_neg,d1,CD4,neg,61366,1.21940299859405,3,1.62805588382237e-06
BAFF-R,prolif2_d1_3d_CTV1_CD4_neg,d1,CD4,neg,247698,1.21940299859405,3,1.62805588382237e-06
BAFF-R,prolif2_d1_16d_CTV2_CD4_neg,d1,CD4,neg,20594,1.82703669837839,16,1.62805588382237e-06
BAFF-R,prolif2_d1_24d_CTV3_CD4_neg,d1,CD4,neg,9608,1.7705460025494,24,1.62805588382237e-06
BAFF-R,prolif2_d1_3d_CTV1_CD4_neg,d1,CD4,neg,694982,1.21940299859405,3,1.62805588382237e-06
BAFF-R,prolif2_d1_16d_CTV2_CD4_neg,d1,CD4,neg,108590,1.82703669837839,16,1.62805588382237e-06
BAFF-R,prolif2_d1_24d_CTV3_CD4_neg,d1,CD4,neg,68455,1.7705460025494,24,1.62805588382237e-06
BAFF-R,prolif2_d1_3d_CTV1_CD4_neg,d1,CD4,neg,486438,1.21940299859405,3,1.62805588382237e-06
BAFF-R,prolif2_d1_16d_CTV2_CD4_neg,d1,CD4,neg,695906,1.82703669837839,16,1.62805588382237e-06
BAFF-R,prolif2_d1_24d_CTV3_CD4_neg,d1,CD4,neg,225958,1.7705460025494,24,1.62805588382237e-06
BAFF-R,prolif2_d1_16d_CTV2_CD8_neg,d1,CD8,neg,9218,1.97179686108011,16,1.62805588382237e-06
BAFF-R,prolif2_d1_16d_CTV2_CD8_neg,d1,CD8,neg,120793,1.97179686108011,16,1.62805588382237e-06
BAFF-R,prolif2_d1_24d_CTV3_CD8_neg,d1,CD8,neg,28188,2.04768943015283,24,1.62805588382237e-06
BAFF-R,prolif2_d1_16d_CTV2_CD8_neg,d1,CD8,neg,782055,1.97179686108011,16,1.62805588382237e-06
BAFF-R,prolif2_d1_24d_CTV3_CD8_neg,d1,CD8,neg,381486,2.04768943015283,24,1.62805588382237e-06
BAFF-R,prolif2_d1_16d_CTV2_CD8_neg,d1,CD8,neg,1324486,1.97179686108011,16,1.62805588382237e-06
BAFF-R,prolif2_d1_24d_CTV3_CD8_neg,d1,CD8,neg,1325165,2.04768943015283,24,1.62805588382237e-06
BAFF-R,prolif1_d2_4d_CTV1_CD4_neg,d2,CD4,neg,14664,1.16860222804992,4,1.62805588382237e-06
BAFF-R,prolif1_d2_14d_CTV2_CD4_neg,d2,CD4,neg,14664,1.13968223382858,14,1.62805588382237e-06
BAFF-R,prolif2_d2_3d_CTV1_CD4_neg,d2,CD4,neg,30082,1.02736918186766,3,1.62805588382237e-06
BAFF-R,prolif1_d2_4d_CTV1_CD4_neg,d2,CD4,neg,95426,1.16860222804992,4,1.62805588382237e-06
BAFF-R,prolif1_d2_14d_CTV2_CD4_neg,d2,CD4,neg,95426,1.13968223382858,14,1.62805588382237e-06
BAFF-R,prolif2_d2_3d_CTV1_CD4_neg,d2,CD4,neg,117707,1.02736918186766,3,1.62805588382237e-06
BAFF-R,prolif1_d2_4d_CTV1_CD4_neg,d2,CD4,neg,136970,1.16860222804992,4,1.62805588382237e-06
BAFF-R,prolif1_d2_14d_CTV2_CD4_neg,d2,CD4,neg,136970,1.13968223382858,14,1.62805588382237e-06
BAFF-R,prolif2_d2_3d_CTV1_CD4_neg,d2,CD4,neg,263644,1.02736918186766,3,1.62805588382237e-06
BAFF-R,prolif1_d2_4d_CTV1_CD4_neg,d2,CD4,neg,598187,1.16860222804992,4,1.62805588382237e-06
BAFF-R,prolif1_d2_14d_CTV2_CD4_neg,d2,CD4,neg,598187,1.13968223382858,14,1.62805588382237e-06
BAFF-R,prolif2_d2_3d_CTV1_CD4_neg,d2,CD4,neg,213141,1.02736918186766,3,1.62805588382237e-06
BAFF-R,prolif1_d2_24d_CTV3_CD4_neg,d2,CD4,neg,5363,1.63047155615251,24,1.62805588382237e-06
BAFF-R,prolif1_d2_4d_CTV1_CD8_neg,d2,CD8,neg,93821,1.364922312966,4,1.62805588382237e-06
BAFF-R,prolif2_d2_4d_CTV1_CD8_neg,d2,CD8,neg,6037,1.45010649093758,4,1.62805588382237e-06
BAFF-R,prolif1_d2_4d_CTV1_CD8_neg,d2,CD8,neg,250650,1.364922312966,4,1.62805588382237e-06
BAFF-R,prolif1_d2_14d_CTV2_CD8_neg,d2,CD8,neg,18840,2.09248642456026,14,1.62805588382237e-06
BAFF-R,prolif2_d2_4d_CTV1_CD8_neg,d2,CD8,neg,103629,1.45010649093758,4,1.62805588382237e-06
BAFF-R,prolif2_d2_16d_CTV2_CD8_neg,d2,CD8,neg,44487,1.7233006168901,16,1.62805588382237e-06
BAFF-R,prolif2_d2_24d_CTV3_CD8_neg,d2,CD8,neg,14361,2.03436412927464,24,1.62805588382237e-06
BAFF-R,prolif1_d2_4d_CTV1_CD8_neg,d2,CD8,neg,217025,1.364922312966,4,1.62805588382237e-06
BAFF-R,prolif1_d2_14d_CTV2_CD8_neg,d2,CD8,neg,88934,2.09248642456026,14,1.62805588382237e-06
BAFF-R,prolif2_d2_4d_CTV1_CD8_neg,d2,CD8,neg,1423971,1.45010649093758,4,1.62805588382237e-06
BAFF-R,prolif1_d2_24d_CTV3_CD8_neg,d2,CD8,neg,7847,2.4898350772735,24,1.62805588382237e-06
BAFF-R,prolif2_d2_16d_CTV2_CD8_neg,d2,CD8,neg,687983,1.7233006168901,16,1.62805588382237e-06
BAFF-R,prolif2_d2_24d_CTV3_CD8_neg,d2,CD8,neg,168368,2.03436412927464,24,1.62805588382237e-06
BAFF-R,prolif1_d2_4d_CTV1_CD8_neg,d2,CD8,neg,331861,1.364922312966,4,1.62805588382237e-06
BAFF-R,prolif1_d2_14d_CTV2_CD8_neg,d2,CD8,neg,498262,2.09248642456026,14,1.62805588382237e-06
BAFF-R,prolif2_d2_4d_CTV1_CD8_neg,d2,CD8,neg,1270960,1.45010649093758,4,1.62805588382237e-06
BAFF-R,prolif1_d2_24d_CTV3_CD8_neg,d2,CD8,neg,24324,2.4898350772735,24,1.62805588382237e-06
BAFF-R,prolif2_d2_16d_CTV2_CD8_neg,d2,CD8,neg,1318836,1.7233006168901,16,1.62805588382237e-06
BAFF-R,prolif2_d2_24d_CTV3_CD8_neg,d2,CD8,neg,1238524,2.03436412927464,24,1.62805588382237e-06
CD28,prolif2_d1_3d_CTV1_CD4_neg,d1,CD4,neg,61366,1.06432573939263,3,0.550576475542457
CD28,prolif2_d1_3d_CTV1_CD4_neg,d1,CD4,neg,247698,1.06432573939263,3,0.550576475542457
CD28,prolif2_d1_16d_CTV2_CD4_neg,d1,CD4,neg,20594,1.72695473655838,16,0.550576475542457
CD28,prolif2_d1_24d_CTV3_CD4_neg,d1,CD4,neg,9608,2.40055696328747,24,0.550576475542457
CD28,prolif2_d1_3d_CTV1_CD4_neg,d1,CD4,neg,694982,1.06432573939263,3,0.550576475542457
CD28,prolif2_d1_16d_CTV2_CD4_neg,d1,CD4,neg,108590,1.72695473655838,16,0.550576475542457
CD28,prolif2_d1_24d_CTV3_CD4_neg,d1,CD4,neg,68455,2.40055696328747,24,0.550576475542457
CD28,prolif2_d1_3d_CTV1_CD4_neg,d1,CD4,neg,486438,1.06432573939263,3,0.550576475542457
CD28,prolif2_d1_16d_CTV2_CD4_neg,d1,CD4,neg,695906,1.72695473655838,16,0.550576475542457
CD28,prolif2_d1_24d_CTV3_CD4_neg,d1,CD4,neg,225958,2.40055696328747,24,0.550576475542457
CD28,prolif2_d1_16d_CTV2_CD8_neg,d1,CD8,neg,9218,1.04470208835423,16,0.550576475542457
CD28,prolif2_d1_16d_CTV2_CD8_neg,d1,CD8,neg,120793,1.04470208835423,16,0.550576475542457
CD28,prolif2_d1_24d_CTV3_CD8_neg,d1,CD8,neg,28188,1.14645469209321,24,0.550576475542457
CD28,prolif2_d1_16d_CTV2_CD8_neg,d1,CD8,neg,782055,1.04470208835423,16,0.550576475542457
CD28,prolif2_d1_24d_CTV3_CD8_neg,d1,CD8,neg,381486,1.14645469209321,24,0.550576475542457
CD28,prolif2_d1_16d_CTV2_CD8_neg,d1,CD8,neg,1324486,1.04470208835423,16,0.550576475542457
CD28,prolif2_d1_24d_CTV3_CD8_neg,d1,CD8,neg,1325165,1.14645469209321,24,0.550576475542457
CD28,prolif1_d2_4d_CTV1_CD4_neg,d2,CD4,neg,14664,1.1489949834809,4,0.550576475542457
CD28,prolif1_d2_14d_CTV2_CD4_neg,d2,CD4,neg,14664,2.0001391512508,14,0.550576475542457
CD28,prolif2_d2_3d_CTV1_CD4_neg,d2,CD4,neg,30082,1.19651496724973,3,0.550576475542457
CD28,prolif1_d2_4d_CTV1_CD4_neg,d2,CD4,neg,95426,1.1489949834809,4,0.550576475542457
CD28,prolif1_d2_14d_CTV2_CD4_neg,d2,CD4,neg,95426,2.0001391512508,14,0.550576475542457
CD28,prolif2_d2_3d_CTV1_CD4_neg,d2,CD4,neg,117707,1.19651496724973,3,0.550576475542457
CD28,prolif1_d2_4d_CTV1_CD4_neg,d2,CD4,neg,136970,1.1489949834809,4,0.550576475542457
CD28,prolif1_d2_14d_CTV2_CD4_neg,d2,CD4,neg,136970,2.0001391512508,14,0.550576475542457
CD28,prolif2_d2_3d_CTV1_CD4_neg,d2,CD4,neg,263644,1.19651496724973,3,0.550576475542457
CD28,prolif1_d2_4d_CTV1_CD4_neg,d2,CD4,neg,598187,1.1489949834809,4,0.550576475542457
CD28,prolif1_d2_14d_CTV2_CD4_neg,d2,CD4,neg,598187,2.0001391512508,14,0.550576475542457
CD28,prolif2_d2_3d_CTV1_CD4_neg,d2,CD4,neg,213141,1.19651496724973,3,0.550576475542457
CD28,prolif1_d2_24d_CTV3_CD4_neg,d2,CD4,neg,5363,2.14754148320891,24,0.550576475542457
CD28,prolif1_d2_4d_CTV1_CD8_neg,d2,CD8,neg,93821,1.38442405761298,4,0.550576475542457
CD28,prolif2_d2_4d_CTV1_CD8_neg,d2,CD8,neg,6037,1.17321283304348,4,0.550576475542457
CD28,prolif1_d2_4d_CTV1_CD8_neg,d2,CD8,neg,250650,1.38442405761298,4,0.550576475542457
CD28,prolif1_d2_14d_CTV2_CD8_neg,d2,CD8,neg,18840,1.61779572745124,14,0.550576475542457
CD28,prolif2_d2_4d_CTV1_CD8_neg,d2,CD8,neg,103629,1.17321283304348,4,0.550576475542457
CD28,prolif2_d2_16d_CTV2_CD8_neg,d2,CD8,neg,44487,1.07046063876305,16,0.550576475542457
CD28,prolif2_d2_24d_CTV3_CD8_neg,d2,CD8,neg,14361,1.13668781985704,24,0.550576475542457
CD28,prolif1_d2_4d_CTV1_CD8_neg,d2,CD8,neg,217025,1.38442405761298,4,0.550576475542457
CD28,prolif1_d2_14d_CTV2_CD8_neg,d2,CD8,neg,88934,1.61779572745124,14,0.550576475542457
CD28,prolif2_d2_4d_CTV1_CD8_neg,d2,CD8,neg,1423971,1.17321283304348,4,0.550576475542457
CD28,prolif1_d2_24d_CTV3_CD8_neg,d2,CD8,neg,7847,2.00262064024589,24,0.550576475542457
CD28,prolif2_d2_16d_CTV2_CD8_neg,d2,CD8,neg,687983,1.07046063876305,16,0.550576475542457
CD28,prolif2_d2_24d_CTV3_CD8_neg,d2,CD8,neg,168368,1.13668781985704,24,0.550576475542457
CD28,prolif1_d2_4d_CTV1_CD8_neg,d2,CD8,neg,331861,1.38442405761298,4,0.550576475542457
CD28,prolif1_d2_14d_CTV2_CD8_neg,d2,CD8,neg,498262,1.61779572745124,14,0.550576475542457
CD28,prolif2_d2_4d_CTV1_CD8_neg,d2,CD8,neg,1270960,1.17321283304348,4,0.550576475542457
CD28,prolif1_d2_24d_CTV3_CD8_neg,d2,CD8,neg,24324,2.00262064024589,24,0.550576475542457
CD28,prolif2_d2_16d_CTV2_CD8_neg,d2,CD8,neg,1318836,1.07046063876305,16,0.550576475542457
CD28,prolif2_d2_24d_CTV3_CD8_neg,d2,CD8,neg,1238524,1.13668781985704,24,0.550576475542457
CD40,prolif2_d1_3d_CTV1_CD4_neg,d1,CD4,neg,61366,0.888714932659181,3,3.10057910470268e-09
CD40,prolif2_d1_3d_CTV1_CD4_neg,d1,CD4,neg,247698,0.888714932659181,3,3.10057910470268e-09
CD40,prolif2_d1_16d_CTV2_CD4_neg,d1,CD4,neg,20594,0.948803382577811,16,3.10057910470268e-09
CD40,prolif2_d1_24d_CTV3_CD4_neg,d1,CD4,neg,9608,0.652978275162418,24,3.10057910470268e-09
CD40,prolif2_d1_3d_CTV1_CD4_neg,d1,CD4,neg,694982,0.888714932659181,3,3.10057910470268e-09
CD40,prolif2_d1_16d_CTV2_CD4_neg,d1,CD4,neg,108590,0.948803382577811,16,3.10057910470268e-09
CD40,prolif2_d1_24d_CTV3_CD4_neg,d1,CD4,neg,68455,0.652978275162418,24,3.10057910470268e-09
CD40,prolif2_d1_3d_CTV1_CD4_neg,d1,CD4,neg,486438,0.888714932659181,3,3.10057910470268e-09
CD40,prolif2_d1_16d_CTV2_CD4_neg,d1,CD4,neg,695906,0.948803382577811,16,3.10057910470268e-09
CD40,prolif2_d1_24d_CTV3_CD4_neg,d1,CD4,neg,225958,0.652978275162418,24,3.10057910470268e-09
CD40,prolif2_d1_16d_CTV2_CD8_neg,d1,CD8,neg,9218,0.917754174604638,16,3.10057910470268e-09
CD40,prolif2_d1_16d_CTV2_CD8_neg,d1,CD8,neg,120793,0.917754174604638,16,3.10057910470268e-09
CD40,prolif2_d1_24d_CTV3_CD8_neg,d1,CD8,neg,28188,0.918277630489234,24,3.10057910470268e-09
CD40,prolif2_d1_16d_CTV2_CD8_neg,d1,CD8,neg,782055,0.917754174604638,16,3.10057910470268e-09
CD40,prolif2_d1_24d_CTV3_CD8_neg,d1,CD8,neg,381486,0.918277630489234,24,3.10057910470268e-09
CD40,prolif2_d1_16d_CTV2_CD8_neg,d1,CD8,neg,1324486,0.917754174604638,16,3.10057910470268e-09
CD40,prolif2_d1_24d_CTV3_CD8_neg,d1,CD8,neg,1325165,0.918277630489234,24,3.10057910470268e-09
CD40,prolif1_d2_4d_CTV1_CD4_neg,d2,CD4,neg,14664,1.0830113907902,4,3.10057910470268e-09
CD40,prolif1_d2_14d_CTV2_CD4_neg,d2,CD4,neg,14664,0.884168463514347,14,3.10057910470268e-09
CD40,prolif2_d2_3d_CTV1_CD4_neg,d2,CD4,neg,30082,0.886035629853159,3,3.10057910470268e-09
CD40,prolif1_d2_4d_CTV1_CD4_neg,d2,CD4,neg,95426,1.0830113907902,4,3.10057910470268e-09
CD40,prolif1_d2_14d_CTV2_CD4_neg,d2,CD4,neg,95426,0.884168463514347,14,3.10057910470268e-09
CD40,prolif2_d2_3d_CTV1_CD4_neg,d2,CD4,neg,117707,0.886035629853159,3,3.10057910470268e-09
CD40,prolif1_d2_4d_CTV1_CD4_neg,d2,CD4,neg,136970,1.0830113907902,4,3.10057910470268e-09
CD40,prolif1_d2_14d_CTV2_CD4_neg,d2,CD4,neg,136970,0.884168463514347,14,3.10057910470268e-09
CD40,prolif2_d2_3d_CTV1_CD4_neg,d2,CD4,neg,263644,0.886035629853159,3,3.10057910470268e-09
CD40,prolif1_d2_4d_CTV1_CD4_neg,d2,CD4,neg,598187,1.0830113907902,4,3.10057910470268e-09
CD40,prolif1_d2_14d_CTV2_CD4_neg,d2,CD4,neg,598187,0.884168463514347,14,3.10057910470268e-09
CD40,prolif2_d2_3d_CTV1_CD4_neg,d2,CD4,neg,213141,0.886035629853159,3,3.10057910470268e-09
CD40,prolif1_d2_24d_CTV3_CD4_neg,d2,CD4,neg,5363,0.703162879632485,24,3.10057910470268e-09
CD40,prolif1_d2_4d_CTV1_CD8_neg,d2,CD8,neg,93821,0.880909840868925,4,3.10057910470268e-09
CD40,prolif2_d2_4d_CTV1_CD8_neg,d2,CD8,neg,6037,0.916500453093966,4,3.10057910470268e-09
CD40,prolif1_d2_4d_CTV1_CD8_neg,d2,CD8,neg,250650,0.880909840868925,4,3.10057910470268e-09
CD40,prolif1_d2_14d_CTV2_CD8_neg,d2,CD8,neg,18840,0.783384326673367,14,3.10057910470268e-09
CD40,prolif2_d2_4d_CTV1_CD8_neg,d2,CD8,neg,103629,0.916500453093966,4,3.10057910470268e-09
CD40,prolif2_d2_16d_CTV2_CD8_neg,d2,CD8,neg,44487,0.953543940207343,16,3.10057910470268e-09
CD40,prolif2_d2_24d_CTV3_CD8_neg,d2,CD8,neg,14361,0.898168757787706,24,3.10057910470268e-09
CD40,prolif1_d2_4d_CTV1_CD8_neg,d2,CD8,neg,217025,0.880909840868925,4,3.10057910470268e-09
CD40,prolif1_d2_14d_CTV2_CD8_neg,d2,CD8,neg,88934,0.783384326673367,14,3.10057910470268e-09
CD40,prolif2_d2_4d_CTV1_CD8_neg,d2,CD8,neg,1423971,0.916500453093966,4,3.10057910470268e-09
CD40,prolif1_d2_24d_CTV3_CD8_neg,d2,CD8,neg,7847,0.584631047071369,24,3.10057910470268e-09
CD40,prolif2_d2_16d_CTV2_CD8_neg,d2,CD8,neg,687983,0.953543940207343,16,3.10057910470268e-09
CD40,prolif2_d2_24d_CTV3_CD8_neg,d2,CD8,neg,168368,0.898168757787706,24,3.10057910470268e-09
CD40,prolif1_d2_4d_CTV1_CD8_neg,d2,CD8,neg,331861,0.880909840868925,4,3.10057910470268e-09
CD40,prolif1_d2_14d_CTV2_CD8_neg,d2,CD8,neg,498262,0.783384326673367,14,3.10057910470268e-09
CD40,prolif2_d2_4d_CTV1_CD8_neg,d2,CD8,neg,1270960,0.916500453093966,4,3.10057910470268e-09
CD40,prolif1_d2_24d_CTV3_CD8_neg,d2,CD8,neg,24324,0.584631047071369,24,3.10057910470268e-09
CD40,prolif2_d2_16d_CTV2_CD8_neg,d2,CD8,neg,1318836,0.953543940207343,16,3.10057910470268e-09
CD40,prolif2_d2_24d_CTV3_CD8_neg,d2,CD8,neg,1238524,0.898168757787706,24,3.10057910470268e-09
KLRG1,prolif2_d1_3d_CTV1_CD4_neg,d1,CD4,neg,61366,0.790661591645853,3,6.21776490771725e-09
KLRG1,prolif2_d1_3d_CTV1_CD4_neg,d1,CD4,neg,247698,0.790661591645853,3,6.21776490771725e-09
KLRG1,prolif2_d1_16d_CTV2_CD4_neg,d1,CD4,neg,20594,0.566672401916778,16,6.21776490771725e-09
KLRG1,prolif2_d1_24d_CTV3_CD4_neg,d1,CD4,neg,9608,0.541292229804973,24,6.21776490771725e-09
KLRG1,prolif2_d1_3d_CTV1_CD4_neg,d1,CD4,neg,694982,0.790661591645853,3,6.21776490771725e-09
KLRG1,prolif2_d1_16d_CTV2_CD4_neg,d1,CD4,neg,108590,0.566672401916778,16,6.21776490771725e-09
KLRG1,prolif2_d1_24d_CTV3_CD4_neg,d1,CD4,neg,68455,0.541292229804973,24,6.21776490771725e-09
KLRG1,prolif2_d1_3d_CTV1_CD4_neg,d1,CD4,neg,486438,0.790661591645853,3,6.21776490771725e-09
KLRG1,prolif2_d1_16d_CTV2_CD4_neg,d1,CD4,neg,695906,0.566672401916778,16,6.21776490771725e-09
KLRG1,prolif2_d1_24d_CTV3_CD4_neg,d1,CD4,neg,225958,0.541292229804973,24,6.21776490771725e-09
KLRG1,prolif2_d1_16d_CTV2_CD8_neg,d1,CD8,neg,9218,0.639772511797913,16,6.21776490771725e-09
KLRG1,prolif2_d1_16d_CTV2_CD8_neg,d1,CD8,neg,120793,0.639772511797913,16,6.21776490771725e-09
KLRG1,prolif2_d1_24d_CTV3_CD8_neg,d1,CD8,neg,28188,1.18040405833861,24,6.21776490771725e-09
KLRG1,prolif2_d1_16d_CTV2_CD8_neg,d1,CD8,neg,782055,0.639772511797913,16,6.21776490771725e-09
KLRG1,prolif2_d1_24d_CTV3_CD8_neg,d1,CD8,neg,381486,1.18040405833861,24,6.21776490771725e-09
KLRG1,prolif2_d1_16d_CTV2_CD8_neg,d1,CD8,neg,1324486,0.639772511797913,16,6.21776490771725e-09
KLRG1,prolif2_d1_24d_CTV3_CD8_neg,d1,CD8,neg,1325165,1.18040405833861,24,6.21776490771725e-09
KLRG1,prolif1_d2_4d_CTV1_CD4_neg,d2,CD4,neg,14664,0.668158807636288,4,6.21776490771725e-09
KLRG1,prolif1_d2_14d_CTV2_CD4_neg,d2,CD4,neg,14664,0.566646587068807,14,6.21776490771725e-09
KLRG1,prolif2_d2_3d_CTV1_CD4_neg,d2,CD4,neg,30082,0.785881736396482,3,6.21776490771725e-09
KLRG1,prolif1_d2_4d_CTV1_CD4_neg,d2,CD4,neg,95426,0.668158807636288,4,6.21776490771725e-09
KLRG1,prolif1_d2_14d_CTV2_CD4_neg,d2,CD4,neg,95426,0.566646587068807,14,6.21776490771725e-09
KLRG1,prolif2_d2_3d_CTV1_CD4_neg,d2,CD4,neg,117707,0.785881736396482,3,6.21776490771725e-09
KLRG1,prolif1_d2_4d_CTV1_CD4_neg,d2,CD4,neg,136970,0.668158807636288,4,6.21776490771725e-09
KLRG1,prolif1_d2_14d_CTV2_CD4_neg,d2,CD4,neg,136970,0.566646587068807,14,6.21776490771725e-09
KLRG1,prolif2_d2_3d_CTV1_CD4_neg,d2,CD4,neg,263644,0.785881736396482,3,6.21776490771725e-09
KLRG1,prolif1_d2_4d_CTV1_CD4_neg,d2,CD4,neg,598187,0.668158807636288,4,6.21776490771725e-09
KLRG1,prolif1_d2_14d_CTV2_CD4_neg,d2,CD4,neg,598187,0.566646587068807,14,6.21776490771725e-09
KLRG1,prolif2_d2_3d_CTV1_CD4_neg,d2,CD4,neg,213141,0.785881736396482,3,6.21776490771725e-09
KLRG1,prolif1_d2_24d_CTV3_CD4_neg,d2,CD4,neg,5363,1.07971288942661,24,6.21776490771725e-09
KLRG1,prolif1_d2_4d_CTV1_CD8_neg,d2,CD8,neg,93821,1.51632841537386,4,6.21776490771725e-09
KLRG1,prolif2_d2_4d_CTV1_CD8_neg,d2,CD8,neg,6037,0.829521177276773,4,6.21776490771725e-09
KLRG1,prolif1_d2_4d_CTV1_CD8_neg,d2,CD8,neg,250650,1.51632841537386,4,6.21776490771725e-09
KLRG1,prolif1_d2_14d_CTV2_CD8_neg,d2,CD8,neg,18840,0.791600713653111,14,6.21776490771725e-09
KLRG1,prolif2_d2_4d_CTV1_CD8_neg,d2,CD8,neg,103629,0.829521177276773,4,6.21776490771725e-09
KLRG1,prolif2_d2_16d_CTV2_CD8_neg,d2,CD8,neg,44487,0.858204366110381,16,6.21776490771725e-09
KLRG1,prolif2_d2_24d_CTV3_CD8_neg,d2,CD8,neg,14361,0.572121521242114,24,6.21776490771725e-09
KLRG1,prolif1_d2_4d_CTV1_CD8_neg,d2,CD8,neg,217025,1.51632841537386,4,6.21776490771725e-09
KLRG1,prolif1_d2_14d_CTV2_CD8_neg,d2,CD8,neg,88934,0.791600713653111,14,6.21776490771725e-09
KLRG1,prolif2_d2_4d_CTV1_CD8_neg,d2,CD8,neg,1423971,0.829521177276773,4,6.21776490771725e-09
KLRG1,prolif1_d2_24d_CTV3_CD8_neg,d2,CD8,neg,7847,0.896801234576816,24,6.21776490771725e-09
KLRG1,prolif2_d2_16d_CTV2_CD8_neg,d2,CD8,neg,687983,0.858204366110381,16,6.21776490771725e-09
KLRG1,prolif2_d2_24d_CTV3_CD8_neg,d2,CD8,neg,168368,0.572121521242114,24,6.21776490771725e-09
KLRG1,prolif1_d2_4d_CTV1_CD8_neg,d2,CD8,neg,331861,1.51632841537386,4,6.21776490771725e-09
KLRG1,prolif1_d2_14d_CTV2_CD8_neg,d2,CD8,neg,498262,0.791600713653111,14,6.21776490771725e-09
KLRG1,prolif2_d2_4d_CTV1_CD8_neg,d2,CD8,neg,1270960,0.829521177276773,4,6.21776490771725e-09
KLRG1,prolif1_d2_24d_CTV3_CD8_neg,d2,CD8,neg,24324,0.896801234576816,24,6.21776490771725e-09
KLRG1,prolif2_d2_16d_CTV2_CD8_neg,d2,CD8,neg,1318836,0.858204366110381,16,6.21776490771725e-09
KLRG1,prolif2_d2_24d_CTV3_CD8_neg,d2,CD8,neg,1238524,0.572121521242114,24,6.21776490771725e-09
TACI,prolif2_d1_3d_CTV1_CD4_neg,d1,CD4,neg,61366,1.10147819799633,3,3.46740792811343e-08
TACI,prolif2_d1_3d_CTV1_CD4_neg,d1,CD4,neg,247698,1.10147819799633,3,3.46740792811343e-08
TACI,prolif2_d1_16d_CTV2_CD4_neg,d1,CD4,neg,20594,1.63010787624096,16,3.46740792811343e-08
TACI,prolif2_d1_24d_CTV3_CD4_neg,d1,CD4,neg,9608,1.70842989458179,24,3.46740792811343e-08
TACI,prolif2_d1_3d_CTV1_CD4_neg,d1,CD4,neg,694982,1.10147819799633,3,3.46740792811343e-08
TACI,prolif2_d1_16d_CTV2_CD4_neg,d1,CD4,neg,108590,1.63010787624096,16,3.46740792811343e-08
TACI,prolif2_d1_24d_CTV3_CD4_neg,d1,CD4,neg,68455,1.70842989458179,24,3.46740792811343e-08
TACI,prolif2_d1_3d_CTV1_CD4_neg,d1,CD4,neg,486438,1.10147819799633,3,3.46740792811343e-08
TACI,prolif2_d1_16d_CTV2_CD4_neg,d1,CD4,neg,695906,1.63010787624096,16,3.46740792811343e-08
TACI,prolif2_d1_24d_CTV3_CD4_neg,d1,CD4,neg,225958,1.70842989458179,24,3.46740792811343e-08
TACI,prolif2_d1_16d_CTV2_CD8_neg,d1,CD8,neg,9218,2.6297722356758,16,3.46740792811343e-08
TACI,prolif2_d1_16d_CTV2_CD8_neg,d1,CD8,neg,120793,2.6297722356758,16,3.46740792811343e-08
TACI,prolif2_d1_24d_CTV3_CD8_neg,d1,CD8,neg,28188,3.11434083339087,24,3.46740792811343e-08
TACI,prolif2_d1_16d_CTV2_CD8_neg,d1,CD8,neg,782055,2.6297722356758,16,3.46740792811343e-08
TACI,prolif2_d1_24d_CTV3_CD8_neg,d1,CD8,neg,381486,3.11434083339087,24,3.46740792811343e-08
TACI,prolif2_d1_16d_CTV2_CD8_neg,d1,CD8,neg,1324486,2.6297722356758,16,3.46740792811343e-08
TACI,prolif2_d1_24d_CTV3_CD8_neg,d1,CD8,neg,1325165,3.11434083339087,24,3.46740792811343e-08
TACI,prolif1_d2_4d_CTV1_CD4_neg,d2,CD4,neg,14664,1.13346696442413,4,3.46740792811343e-08
TACI,prolif1_d2_14d_CTV2_CD4_neg,d2,CD4,neg,14664,1.67866182140944,14,3.46740792811343e-08
TACI,prolif2_d2_3d_CTV1_CD4_neg,d2,CD4,neg,30082,1.27340442929891,3,3.46740792811343e-08
TACI,prolif1_d2_4d_CTV1_CD4_neg,d2,CD4,neg,95426,1.13346696442413,4,3.46740792811343e-08
TACI,prolif1_d2_14d_CTV2_CD4_neg,d2,CD4,neg,95426,1.67866182140944,14,3.46740792811343e-08
TACI,prolif2_d2_3d_CTV1_CD4_neg,d2,CD4,neg,117707,1.27340442929891,3,3.46740792811343e-08
TACI,prolif1_d2_4d_CTV1_CD4_neg,d2,CD4,neg,136970,1.13346696442413,4,3.46740792811343e-08
TACI,prolif1_d2_14d_CTV2_CD4_neg,d2,CD4,neg,136970,1.67866182140944,14,3.46740792811343e-08
TACI,prolif2_d2_3d_CTV1_CD4_neg,d2,CD4,neg,263644,1.27340442929891,3,3.46740792811343e-08
TACI,prolif1_d2_4d_CTV1_CD4_neg,d2,CD4,neg,598187,1.13346696442413,4,3.46740792811343e-08
TACI,prolif1_d2_14d_CTV2_CD4_neg,d2,CD4,neg,598187,1.67866182140944,14,3.46740792811343e-08
TACI,prolif2_d2_3d_CTV1_CD4_neg,d2,CD4,neg,213141,1.27340442929891,3,3.46740792811343e-08
TACI,prolif1_d2_24d_CTV3_CD4_neg,d2,CD4,neg,5363,1.72637033502904,24,3.46740792811343e-08
TACI,prolif1_d2_4d_CTV1_CD8_neg,d2,CD8,neg,93821,1.28459966102236,4,3.46740792811343e-08
TACI,prolif2_d2_4d_CTV1_CD8_neg,d2,CD8,neg,6037,1.46992866464871,4,3.46740792811343e-08
TACI,prolif1_d2_4d_CTV1_CD8_neg,d2,CD8,neg,250650,1.28459966102236,4,3.46740792811343e-08
TACI,prolif1_d2_14d_CTV2_CD8_neg,d2,CD8,neg,18840,2.72864404135886,14,3.46740792811343e-08
TACI,prolif2_d2_4d_CTV1_CD8_neg,d2,CD8,neg,103629,1.46992866464871,4,3.46740792811343e-08
TACI,prolif2_d2_16d_CTV2_CD8_neg,d2,CD8,neg,44487,2.2338958723818,16,3.46740792811343e-08
TACI,prolif2_d2_24d_CTV3_CD8_neg,d2,CD8,neg,14361,2.71458710259508,24,3.46740792811343e-08
TACI,prolif1_d2_4d_CTV1_CD8_neg,d2,CD8,neg,217025,1.28459966102236,4,3.46740792811343e-08
TACI,prolif1_d2_14d_CTV2_CD8_neg,d2,CD8,neg,88934,2.72864404135886,14,3.46740792811343e-08
TACI,prolif2_d2_4d_CTV1_CD8_neg,d2,CD8,neg,1423971,1.46992866464871,4,3.46740792811343e-08
TACI,prolif1_d2_24d_CTV3_CD8_neg,d2,CD8,neg,7847,2.7112732393556,24,3.46740792811343e-08
TACI,prolif2_d2_16d_CTV2_CD8_neg,d2,CD8,neg,687983,2.2338958723818,16,3.46740792811343e-08
TACI,prolif2_d2_24d_CTV3_CD8_neg,d2,CD8,neg,168368,2.71458710259508,24,3.46740792811343e-08
TACI,prolif1_d2_4d_CTV1_CD8_neg,d2,CD8,neg,331861,1.28459966102236,4,3.46740792811343e-08
TACI,prolif1_d2_14d_CTV2_CD8_neg,d2,CD8,neg,498262,2.72864404135886,14,3.46740792811343e-08
TACI,prolif2_d2_4d_CTV1_CD8_neg,d2,CD8,neg,1270960,1.46992866464871,4,3.46740792811343e-08
TACI,prolif1_d2_24d_CTV3_CD8_neg,d2,CD8,neg,24324,2.7112732393556,24,3.46740792811343e-08
TACI,prolif2_d2_16d_CTV2_CD8_neg,d2,CD8,neg,1318836,2.2338958723818,16,3.46740792811343e-08
TACI,prolif2_d2_24d_CTV3_CD8_neg,d2,CD8,neg,1238524,2.71458710259508,24,3.46740792811343e-08
CD30,prolif2_d1_3d_CTV1_CD4_neg,d1,CD4,neg,61366,1.55225976845804,3,1.1570104799041e-16
CD30,prolif2_d1_3d_CTV1_CD4_neg,d1,CD4,neg,247698,1.55225976845804,3,1.1570104799041e-16
CD30,prolif2_d1_16d_CTV2_CD4_neg,d1,CD4,neg,20594,2.23575100666454,16,1.1570104799041e-16
CD30,prolif2_d1_24d_CTV3_CD4_neg,d1,CD4,neg,9608,2.85058014944444,24,1.1570104799041e-16
CD30,prolif2_d1_3d_CTV1_CD4_neg,d1,CD4,neg,694982,1.55225976845804,3,1.1570104799041e-16
CD30,prolif2_d1_16d_CTV2_CD4_neg,d1,CD4,neg,108590,2.23575100666454,16,1.1570104799041e-16
CD30,prolif2_d1_24d_CTV3_CD4_neg,d1,CD4,neg,68455,2.85058014944444,24,1.1570104799041e-16
CD30,prolif2_d1_3d_CTV1_CD4_neg,d1,CD4,neg,486438,1.55225976845804,3,1.1570104799041e-16
CD30,prolif2_d1_16d_CTV2_CD4_neg,d1,CD4,neg,695906,2.23575100666454,16,1.1570104799041e-16
CD30,prolif2_d1_24d_CTV3_CD4_neg,d1,CD4,neg,225958,2.85058014944444,24,1.1570104799041e-16
CD30,prolif2_d1_16d_CTV2_CD8_neg,d1,CD8,neg,9218,2.03638931733904,16,1.1570104799041e-16
CD30,prolif2_d1_16d_CTV2_CD8_neg,d1,CD8,neg,120793,2.03638931733904,16,1.1570104799041e-16
CD30,prolif2_d1_24d_CTV3_CD8_neg,d1,CD8,neg,28188,1.92821961910382,24,1.1570104799041e-16
CD30,prolif2_d1_16d_CTV2_CD8_neg,d1,CD8,neg,782055,2.03638931733904,16,1.1570104799041e-16
CD30,prolif2_d1_24d_CTV3_CD8_neg,d1,CD8,neg,381486,1.92821961910382,24,1.1570104799041e-16
CD30,prolif2_d1_16d_CTV2_CD8_neg,d1,CD8,neg,1324486,2.03638931733904,16,1.1570104799041e-16
CD30,prolif2_d1_24d_CTV3_CD8_neg,d1,CD8,neg,1325165,1.92821961910382,24,1.1570104799041e-16
CD30,prolif1_d2_4d_CTV1_CD4_neg,d2,CD4,neg,14664,1.40926113873595,4,1.1570104799041e-16
CD30,prolif1_d2_14d_CTV2_CD4_neg,d2,CD4,neg,14664,1.25789368594106,14,1.1570104799041e-16
CD30,prolif2_d2_3d_CTV1_CD4_neg,d2,CD4,neg,30082,0.711707468642281,3,1.1570104799041e-16
CD30,prolif1_d2_4d_CTV1_CD4_neg,d2,CD4,neg,95426,1.40926113873595,4,1.1570104799041e-16
CD30,prolif1_d2_14d_CTV2_CD4_neg,d2,CD4,neg,95426,1.25789368594106,14,1.1570104799041e-16
CD30,prolif2_d2_3d_CTV1_CD4_neg,d2,CD4,neg,117707,0.711707468642281,3,1.1570104799041e-16
CD30,prolif1_d2_4d_CTV1_CD4_neg,d2,CD4,neg,136970,1.40926113873595,4,1.1570104799041e-16
CD30,prolif1_d2_14d_CTV2_CD4_neg,d2,CD4,neg,136970,1.25789368594106,14,1.1570104799041e-16
CD30,prolif2_d2_3d_CTV1_CD4_neg,d2,CD4,neg,263644,0.711707468642281,3,1.1570104799041e-16
CD30,prolif1_d2_4d_CTV1_CD4_neg,d2,CD4,neg,598187,1.40926113873595,4,1.1570104799041e-16
CD30,prolif1_d2_14d_CTV2_CD4_neg,d2,CD4,neg,598187,1.25789368594106,14,1.1570104799041e-16
CD30,prolif2_d2_3d_CTV1_CD4_neg,d2,CD4,neg,213141,0.711707468642281,3,1.1570104799041e-16
CD30,prolif1_d2_24d_CTV3_CD4_neg,d2,CD4,neg,5363,0.852933793137114,24,1.1570104799041e-16
CD30,prolif1_d2_4d_CTV1_CD8_neg,d2,CD8,neg,93821,1.50133712414758,4,1.1570104799041e-16
CD30,prolif2_d2_4d_CTV1_CD8_neg,d2,CD8,neg,6037,1.33818566442148,4,1.1570104799041e-16
CD30,prolif1_d2_4d_CTV1_CD8_neg,d2,CD8,neg,250650,1.50133712414758,4,1.1570104799041e-16
CD30,prolif1_d2_14d_CTV2_CD8_neg,d2,CD8,neg,18840,2.36206366553817,14,1.1570104799041e-16
CD30,prolif2_d2_4d_CTV1_CD8_neg,d2,CD8,neg,103629,1.33818566442148,4,1.1570104799041e-16
CD30,prolif2_d2_16d_CTV2_CD8_neg,d2,CD8,neg,44487,2.09810061040811,16,1.1570104799041e-16
CD30,prolif2_d2_24d_CTV3_CD8_neg,d2,CD8,neg,14361,2.18635196871221,24,1.1570104799041e-16
CD30,prolif1_d2_4d_CTV1_CD8_neg,d2,CD8,neg,217025,1.50133712414758,4,1.1570104799041e-16
CD30,prolif1_d2_14d_CTV2_CD8_neg,d2,CD8,neg,88934,2.36206366553817,14,1.1570104799041e-16
CD30,prolif2_d2_4d_CTV1_CD8_neg,d2,CD8,neg,1423971,1.33818566442148,4,1.1570104799041e-16
CD30,prolif1_d2_24d_CTV3_CD8_neg,d2,CD8,neg,7847,1.35239721980405,24,1.1570104799041e-16
CD30,prolif2_d2_16d_CTV2_CD8_neg,d2,CD8,neg,687983,2.09810061040811,16,1.1570104799041e-16
CD30,prolif2_d2_24d_CTV3_CD8_neg,d2,CD8,neg,168368,2.18635196871221,24,1.1570104799041e-16
CD30,prolif1_d2_4d_CTV1_CD8_neg,d2,CD8,neg,331861,1.50133712414758,4,1.1570104799041e-16
CD30,prolif1_d2_14d_CTV2_CD8_neg,d2,CD8,neg,498262,2.36206366553817,14,1.1570104799041e-16
CD30,prolif2_d2_4d_CTV1_CD8_neg,d2,CD8,neg,1270960,1.33818566442148,4,1.1570104799041e-16
CD30,prolif1_d2_24d_CTV3_CD8_neg,d2,CD8,neg,24324,1.35239721980405,24,1.1570104799041e-16
CD30,prolif2_d2_16d_CTV2_CD8_neg,d2,CD8,neg,1318836,2.09810061040811,16,1.1570104799041e-16
CD30,prolif2_d2_24d_CTV3_CD8_neg,d2,CD8,neg,1238524,2.18635196871221,24,1.1570104799041e-16
4-1BB,prolif2_d1_0h_baseline_CD4_NA,d1,CD4,neg,1e+05,1,0,0.000196375634860501
4-1BB,prolif2_d1_0h_baseline_CD8_NA,d1,CD8,neg,1e+05,1,0,0.000196375634860501
4-1BB,prolif1_d2_0h_baseline_CD4_NA,d2,CD4,neg,1e+05,1,0,0.000196375634860501
4-1BB,prolif2_d2_0h_baseline_CD4_NA,d2,CD4,neg,1e+05,1,0,0.000196375634860501
4-1BB,prolif1_d2_0h_baseline_CD8_NA,d2,CD8,neg,1e+05,1,0,0.000196375634860501
4-1BB,prolif2_d2_0h_baseline_CD8_NA,d2,CD8,neg,1e+05,1,0,0.000196375634860501
BAFF-R,prolif2_d1_0h_baseline_CD4_NA,d1,CD4,neg,1e+05,1,0,1.62805588382237e-06
BAFF-R,prolif2_d1_0h_baseline_CD8_NA,d1,CD8,neg,1e+05,1,0,1.62805588382237e-06
BAFF-R,prolif1_d2_0h_baseline_CD4_NA,d2,CD4,neg,1e+05,1,0,1.62805588382237e-06
BAFF-R,prolif2_d2_0h_baseline_CD4_NA,d2,CD4,neg,1e+05,1,0,1.62805588382237e-06
BAFF-R,prolif1_d2_0h_baseline_CD8_NA,d2,CD8,neg,1e+05,1,0,1.62805588382237e-06
BAFF-R,prolif2_d2_0h_baseline_CD8_NA,d2,CD8,neg,1e+05,1,0,1.62805588382237e-06
CD28,prolif2_d1_0h_baseline_CD4_NA,d1,CD4,neg,1e+05,1,0,0.550576475542457
CD28,prolif2_d1_0h_baseline_CD8_NA,d1,CD8,neg,1e+05,1,0,0.550576475542457
CD28,prolif1_d2_0h_baseline_CD4_NA,d2,CD4,neg,1e+05,1,0,0.550576475542457
CD28,prolif2_d2_0h_baseline_CD4_NA,d2,CD4,neg,1e+05,1,0,0.550576475542457
CD28,prolif1_d2_0h_baseline_CD8_NA,d2,CD8,neg,1e+05,1,0,0.550576475542457
CD28,prolif2_d2_0h_baseline_CD8_NA,d2,CD8,neg,1e+05,1,0,0.550576475542457
CD40,prolif2_d1_0h_baseline_CD4_NA,d1,CD4,neg,1e+05,1,0,3.10057910470268e-09
CD40,prolif2_d1_0h_baseline_CD8_NA,d1,CD8,neg,1e+05,1,0,3.10057910470268e-09
CD40,prolif1_d2_0h_baseline_CD4_NA,d2,CD4,neg,1e+05,1,0,3.10057910470268e-09
CD40,prolif2_d2_0h_baseline_CD4_NA,d2,CD4,neg,1e+05,1,0,3.10057910470268e-09
CD40,prolif1_d2_0h_baseline_CD8_NA,d2,CD8,neg,1e+05,1,0,3.10057910470268e-09
CD40,prolif2_d2_0h_baseline_CD8_NA,d2,CD8,neg,1e+05,1,0,3.10057910470268e-09
KLRG1,prolif2_d1_0h_baseline_CD4_NA,d1,CD4,neg,1e+05,1,0,6.21776490771725e-09
KLRG1,prolif2_d1_0h_baseline_CD8_NA,d1,CD8,neg,1e+05,1,0,6.21776490771725e-09
KLRG1,prolif1_d2_0h_baseline_CD4_NA,d2,CD4,neg,1e+05,1,0,6.21776490771725e-09
KLRG1,prolif2_d2_0h_baseline_CD4_NA,d2,CD4,neg,1e+05,1,0,6.21776490771725e-09
KLRG1,prolif1_d2_0h_baseline_CD8_NA,d2,CD8,neg,1e+05,1,0,6.21776490771725e-09
KLRG1,prolif2_d2_0h_baseline_CD8_NA,d2,CD8,neg,1e+05,1,0,6.21776490771725e-09
TACI,prolif2_d1_0h_baseline_CD4_NA,d1,CD4,neg,1e+05,1,0,3.46740792811343e-08
TACI,prolif2_d1_0h_baseline_CD8_NA,d1,CD8,neg,1e+05,1,0,3.46740792811343e-08
TACI,prolif1_d2_0h_baseline_CD4_NA,d2,CD4,neg,1e+05,1,0,3.46740792811343e-08
TACI,prolif2_d2_0h_baseline_CD4_NA,d2,CD4,neg,1e+05,1,0,3.46740792811343e-08
TACI,prolif1_d2_0h_baseline_CD8_NA,d2,CD8,neg,1e+05,1,0,3.46740792811343e-08
TACI,prolif2_d2_0h_baseline_CD8_NA,d2,CD8,neg,1e+05,1,0,3.46740792811343e-08
CD30,prolif2_d1_0h_baseline_CD4_NA,d1,CD4,neg,1e+05,1,0,1.1570104799041e-16
CD30,prolif2_d1_0h_baseline_CD8_NA,d1,CD8,neg,1e+05,1,0,1.1570104799041e-16
CD30,prolif1_d2_0h_baseline_CD4_NA,d2,CD4,neg,1e+05,1,0,1.1570104799041e-16
CD30,prolif2_d2_0h_baseline_CD4_NA,d2,CD4,neg,1e+05,1,0,1.1570104799041e-16
CD30,prolif1_d2_0h_baseline_CD8_NA,d2,CD8,neg,1e+05,1,0,1.1570104799041e-16
CD30,prolif2_d2_0h_baseline_CD8_NA,d2,CD8,neg,1e+05,1,0,1.1570104799041e-16
4-1BB,prolif2_d1_3d_CTV1_CD4_pos,d1,CD4,pos,238500,0.779080194626324,3,0.000196375634860501
4-1BB,prolif2_d1_16d_CTV2_CD4_pos,d1,CD4,pos,602595,2.25855776573978,16,0.000196375634860501
4-1BB,prolif2_d1_24d_CTV3_CD4_pos,d1,CD4,pos,703827,3.2918661633413,24,0.000196375634860501
4-1BB,prolif2_d1_3d_CTV1_CD4_pos,d1,CD4,pos,420790,0.779080194626324,3,0.000196375634860501
4-1BB,prolif2_d1_16d_CTV2_CD4_pos,d1,CD4,pos,1590786,2.25855776573978,16,0.000196375634860501
4-1BB,prolif2_d1_24d_CTV3_CD4_pos,d1,CD4,pos,1219007,3.2918661633413,24,0.000196375634860501
4-1BB,prolif2_d1_3d_CTV1_CD4_pos,d1,CD4,pos,417496,0.779080194626324,3,0.000196375634860501
4-1BB,prolif2_d1_16d_CTV2_CD4_pos,d1,CD4,pos,1289837,2.25855776573978,16,0.000196375634860501
4-1BB,prolif2_d1_24d_CTV3_CD4_pos,d1,CD4,pos,1254621,3.2918661633413,24,0.000196375634860501
4-1BB,prolif2_d1_3d_CTV1_CD4_pos,d1,CD4,pos,121299,0.779080194626324,3,0.000196375634860501
4-1BB,prolif2_d1_16d_CTV2_CD4_pos,d1,CD4,pos,432203,2.25855776573978,16,0.000196375634860501
4-1BB,prolif2_d1_24d_CTV3_CD4_pos,d1,CD4,pos,243958,3.2918661633413,24,0.000196375634860501
4-1BB,prolif2_d1_4d_CTV1_CD8_pos,d1,CD8,pos,1135718,0.772651714457991,4,0.000196375634860501
4-1BB,prolif2_d1_16d_CTV2_CD8_pos,d1,CD8,pos,450666,1.45683592836868,16,0.000196375634860501
4-1BB,prolif2_d1_24d_CTV3_CD8_pos,d1,CD8,pos,22146,1.86301319607377,24,0.000196375634860501
4-1BB,prolif2_d1_4d_CTV1_CD8_pos,d1,CD8,pos,1114173,0.772651714457991,4,0.000196375634860501
4-1BB,prolif2_d1_16d_CTV2_CD8_pos,d1,CD8,pos,1098228,1.45683592836868,16,0.000196375634860501
4-1BB,prolif2_d1_24d_CTV3_CD8_pos,d1,CD8,pos,373671,1.86301319607377,24,0.000196375634860501
4-1BB,prolif2_d1_4d_CTV1_CD8_pos,d1,CD8,pos,1743261,0.772651714457991,4,0.000196375634860501
4-1BB,prolif2_d1_16d_CTV2_CD8_pos,d1,CD8,pos,1192673,1.45683592836868,16,0.000196375634860501
4-1BB,prolif2_d1_24d_CTV3_CD8_pos,d1,CD8,pos,1259129,1.86301319607377,24,0.000196375634860501
4-1BB,prolif2_d1_4d_CTV1_CD8_pos,d1,CD8,pos,325516,0.772651714457991,4,0.000196375634860501
4-1BB,prolif2_d1_16d_CTV2_CD8_pos,d1,CD8,pos,601308,1.45683592836868,16,0.000196375634860501
4-1BB,prolif2_d1_24d_CTV3_CD8_pos,d1,CD8,pos,629994,1.86301319607377,24,0.000196375634860501
4-1BB,prolif1_d2_4d_CTV1_CD4_pos,d2,CD4,pos,252283,0.914376418721596,4,0.000196375634860501
4-1BB,prolif1_d2_14d_CTV2_CD4_pos,d2,CD4,pos,107684,2.28941087012748,14,0.000196375634860501
4-1BB,prolif2_d2_3d_CTV1_CD4_pos,d2,CD4,pos,459692,0.8911739212046,3,0.000196375634860501
4-1BB,prolif1_d2_24d_CTV3_CD4_pos,d2,CD4,pos,12976,2.9603928428216,24,0.000196375634860501
4-1BB,prolif1_d2_4d_CTV1_CD4_pos,d2,CD4,pos,1154887,0.914376418721596,4,0.000196375634860501
4-1BB,prolif1_d2_14d_CTV2_CD4_pos,d2,CD4,pos,199366,2.28941087012748,14,0.000196375634860501
4-1BB,prolif2_d2_3d_CTV1_CD4_pos,d2,CD4,pos,439471,0.8911739212046,3,0.000196375634860501
4-1BB,prolif1_d2_24d_CTV3_CD4_pos,d2,CD4,pos,43874,2.9603928428216,24,0.000196375634860501
4-1BB,prolif1_d2_4d_CTV1_CD4_pos,d2,CD4,pos,205077,0.914376418721596,4,0.000196375634860501
4-1BB,prolif1_d2_14d_CTV2_CD4_pos,d2,CD4,pos,188068,2.28941087012748,14,0.000196375634860501
4-1BB,prolif2_d2_3d_CTV1_CD4_pos,d2,CD4,pos,231507,0.8911739212046,3,0.000196375634860501
4-1BB,prolif1_d2_24d_CTV3_CD4_pos,d2,CD4,pos,27442,2.9603928428216,24,0.000196375634860501
4-1BB,prolif1_d2_4d_CTV1_CD4_pos,d2,CD4,pos,102584,0.914376418721596,4,0.000196375634860501
4-1BB,prolif1_d2_14d_CTV2_CD4_pos,d2,CD4,pos,140231,2.28941087012748,14,0.000196375634860501
4-1BB,prolif2_d2_3d_CTV1_CD4_pos,d2,CD4,pos,48997,0.8911739212046,3,0.000196375634860501
4-1BB,prolif1_d2_24d_CTV3_CD4_pos,d2,CD4,pos,44226,2.9603928428216,24,0.000196375634860501
4-1BB,prolif1_d2_4d_CTV1_CD8_pos,d2,CD8,pos,415182,1.3843543332729,4,0.000196375634860501
4-1BB,prolif1_d2_14d_CTV2_CD8_pos,d2,CD8,pos,144973,2.08355418097735,14,0.000196375634860501
4-1BB,prolif2_d2_4d_CTV1_CD8_pos,d2,CD8,pos,1247502,0.976785028321067,4,0.000196375634860501
4-1BB,prolif1_d2_24d_CTV3_CD8_pos,d2,CD8,pos,33232,1.70463482922909,24,0.000196375634860501
4-1BB,prolif2_d2_16d_CTV2_CD8_pos,d2,CD8,pos,721140,2.03092887095917,16,0.000196375634860501
4-1BB,prolif2_d2_24d_CTV3_CD8_pos,d2,CD8,pos,846864,1.48672342668655,24,0.000196375634860501
4-1BB,prolif1_d2_4d_CTV1_CD8_pos,d2,CD8,pos,576925,1.3843543332729,4,0.000196375634860501
4-1BB,prolif1_d2_14d_CTV2_CD8_pos,d2,CD8,pos,740245,2.08355418097735,14,0.000196375634860501
4-1BB,prolif2_d2_4d_CTV1_CD8_pos,d2,CD8,pos,1418801,0.976785028321067,4,0.000196375634860501
4-1BB,prolif1_d2_24d_CTV3_CD8_pos,d2,CD8,pos,104185,1.70463482922909,24,0.000196375634860501
4-1BB,prolif2_d2_16d_CTV2_CD8_pos,d2,CD8,pos,1510924,2.03092887095917,16,0.000196375634860501
4-1BB,prolif2_d2_24d_CTV3_CD8_pos,d2,CD8,pos,1282303,1.48672342668655,24,0.000196375634860501
4-1BB,prolif1_d2_4d_CTV1_CD8_pos,d2,CD8,pos,76388,1.3843543332729,4,0.000196375634860501
4-1BB,prolif1_d2_14d_CTV2_CD8_pos,d2,CD8,pos,309674,2.08355418097735,14,0.000196375634860501
4-1BB,prolif2_d2_4d_CTV1_CD8_pos,d2,CD8,pos,1262666,0.976785028321067,4,0.000196375634860501
4-1BB,prolif1_d2_24d_CTV3_CD8_pos,d2,CD8,pos,73624,1.70463482922909,24,0.000196375634860501
4-1BB,prolif2_d2_16d_CTV2_CD8_pos,d2,CD8,pos,1284644,2.03092887095917,16,0.000196375634860501
4-1BB,prolif2_d2_24d_CTV3_CD8_pos,d2,CD8,pos,929844,1.48672342668655,24,0.000196375634860501
4-1BB,prolif1_d2_4d_CTV1_CD8_pos,d2,CD8,pos,49935,1.3843543332729,4,0.000196375634860501
4-1BB,prolif1_d2_14d_CTV2_CD8_pos,d2,CD8,pos,104019,2.08355418097735,14,0.000196375634860501
4-1BB,prolif2_d2_4d_CTV1_CD8_pos,d2,CD8,pos,500875,0.976785028321067,4,0.000196375634860501
4-1BB,prolif1_d2_24d_CTV3_CD8_pos,d2,CD8,pos,44113,1.70463482922909,24,0.000196375634860501
4-1BB,prolif2_d2_16d_CTV2_CD8_pos,d2,CD8,pos,822397,2.03092887095917,16,0.000196375634860501
4-1BB,prolif2_d2_24d_CTV3_CD8_pos,d2,CD8,pos,159392,1.48672342668655,24,0.000196375634860501
BAFF-R,prolif2_d1_3d_CTV1_CD4_pos,d1,CD4,pos,238500,1.38504147329496,3,1.62805588382237e-06
BAFF-R,prolif2_d1_16d_CTV2_CD4_pos,d1,CD4,pos,602595,2.57889892069377,16,1.62805588382237e-06
BAFF-R,prolif2_d1_24d_CTV3_CD4_pos,d1,CD4,pos,703827,2.32466656818,24,1.62805588382237e-06
BAFF-R,prolif2_d1_3d_CTV1_CD4_pos,d1,CD4,pos,420790,1.38504147329496,3,1.62805588382237e-06
BAFF-R,prolif2_d1_16d_CTV2_CD4_pos,d1,CD4,pos,1590786,2.57889892069377,16,1.62805588382237e-06
BAFF-R,prolif2_d1_24d_CTV3_CD4_pos,d1,CD4,pos,1219007,2.32466656818,24,1.62805588382237e-06
BAFF-R,prolif2_d1_3d_CTV1_CD4_pos,d1,CD4,pos,417496,1.38504147329496,3,1.62805588382237e-06
BAFF-R,prolif2_d1_16d_CTV2_CD4_pos,d1,CD4,pos,1289837,2.57889892069377,16,1.62805588382237e-06
BAFF-R,prolif2_d1_24d_CTV3_CD4_pos,d1,CD4,pos,1254621,2.32466656818,24,1.62805588382237e-06
BAFF-R,prolif2_d1_3d_CTV1_CD4_pos,d1,CD4,pos,121299,1.38504147329496,3,1.62805588382237e-06
BAFF-R,prolif2_d1_16d_CTV2_CD4_pos,d1,CD4,pos,432203,2.57889892069377,16,1.62805588382237e-06
BAFF-R,prolif2_d1_24d_CTV3_CD4_pos,d1,CD4,pos,243958,2.32466656818,24,1.62805588382237e-06
BAFF-R,prolif2_d1_4d_CTV1_CD8_pos,d1,CD8,pos,1135718,1.75906025811137,4,1.62805588382237e-06
BAFF-R,prolif2_d1_16d_CTV2_CD8_pos,d1,CD8,pos,450666,2.2923256008812,16,1.62805588382237e-06
BAFF-R,prolif2_d1_24d_CTV3_CD8_pos,d1,CD8,pos,22146,2.41826145650082,24,1.62805588382237e-06
BAFF-R,prolif2_d1_4d_CTV1_CD8_pos,d1,CD8,pos,1114173,1.75906025811137,4,1.62805588382237e-06
BAFF-R,prolif2_d1_16d_CTV2_CD8_pos,d1,CD8,pos,1098228,2.2923256008812,16,1.62805588382237e-06
BAFF-R,prolif2_d1_24d_CTV3_CD8_pos,d1,CD8,pos,373671,2.41826145650082,24,1.62805588382237e-06
BAFF-R,prolif2_d1_4d_CTV1_CD8_pos,d1,CD8,pos,1743261,1.75906025811137,4,1.62805588382237e-06
BAFF-R,prolif2_d1_16d_CTV2_CD8_pos,d1,CD8,pos,1192673,2.2923256008812,16,1.62805588382237e-06
BAFF-R,prolif2_d1_24d_CTV3_CD8_pos,d1,CD8,pos,1259129,2.41826145650082,24,1.62805588382237e-06
BAFF-R,prolif2_d1_4d_CTV1_CD8_pos,d1,CD8,pos,325516,1.75906025811137,4,1.62805588382237e-06
BAFF-R,prolif2_d1_16d_CTV2_CD8_pos,d1,CD8,pos,601308,2.2923256008812,16,1.62805588382237e-06
BAFF-R,prolif2_d1_24d_CTV3_CD8_pos,d1,CD8,pos,629994,2.41826145650082,24,1.62805588382237e-06
BAFF-R,prolif1_d2_4d_CTV1_CD4_pos,d2,CD4,pos,252283,1.65544582655289,4,1.62805588382237e-06
BAFF-R,prolif1_d2_14d_CTV2_CD4_pos,d2,CD4,pos,107684,1.57454424333198,14,1.62805588382237e-06
BAFF-R,prolif2_d2_3d_CTV1_CD4_pos,d2,CD4,pos,459692,1.19474869588041,3,1.62805588382237e-06
BAFF-R,prolif1_d2_24d_CTV3_CD4_pos,d2,CD4,pos,12976,1.06038179687597,24,1.62805588382237e-06
BAFF-R,prolif1_d2_4d_CTV1_CD4_pos,d2,CD4,pos,1154887,1.65544582655289,4,1.62805588382237e-06
BAFF-R,prolif1_d2_14d_CTV2_CD4_pos,d2,CD4,pos,199366,1.57454424333198,14,1.62805588382237e-06
BAFF-R,prolif2_d2_3d_CTV1_CD4_pos,d2,CD4,pos,439471,1.19474869588041,3,1.62805588382237e-06
BAFF-R,prolif1_d2_24d_CTV3_CD4_pos,d2,CD4,pos,43874,1.06038179687597,24,1.62805588382237e-06
BAFF-R,prolif1_d2_4d_CTV1_CD4_pos,d2,CD4,pos,205077,1.65544582655289,4,1.62805588382237e-06
BAFF-R,prolif1_d2_14d_CTV2_CD4_pos,d2,CD4,pos,188068,1.57454424333198,14,1.62805588382237e-06
BAFF-R,prolif2_d2_3d_CTV1_CD4_pos,d2,CD4,pos,231507,1.19474869588041,3,1.62805588382237e-06
BAFF-R,prolif1_d2_24d_CTV3_CD4_pos,d2,CD4,pos,27442,1.06038179687597,24,1.62805588382237e-06
BAFF-R,prolif1_d2_4d_CTV1_CD4_pos,d2,CD4,pos,102584,1.65544582655289,4,1.62805588382237e-06
BAFF-R,prolif1_d2_14d_CTV2_CD4_pos,d2,CD4,pos,140231,1.57454424333198,14,1.62805588382237e-06
BAFF-R,prolif2_d2_3d_CTV1_CD4_pos,d2,CD4,pos,48997,1.19474869588041,3,1.62805588382237e-06
BAFF-R,prolif1_d2_24d_CTV3_CD4_pos,d2,CD4,pos,44226,1.06038179687597,24,1.62805588382237e-06
BAFF-R,prolif1_d2_4d_CTV1_CD8_pos,d2,CD8,pos,415182,1.83092032530447,4,1.62805588382237e-06
BAFF-R,prolif1_d2_14d_CTV2_CD8_pos,d2,CD8,pos,144973,2.0945255239916,14,1.62805588382237e-06
BAFF-R,prolif2_d2_4d_CTV1_CD8_pos,d2,CD8,pos,1247502,1.3723527030493,4,1.62805588382237e-06
BAFF-R,prolif1_d2_24d_CTV3_CD8_pos,d2,CD8,pos,33232,1.81403380940036,24,1.62805588382237e-06
BAFF-R,prolif2_d2_16d_CTV2_CD8_pos,d2,CD8,pos,721140,3.68324513553813,16,1.62805588382237e-06
BAFF-R,prolif2_d2_24d_CTV3_CD8_pos,d2,CD8,pos,846864,3.59313364916398,24,1.62805588382237e-06
BAFF-R,prolif1_d2_4d_CTV1_CD8_pos,d2,CD8,pos,576925,1.83092032530447,4,1.62805588382237e-06
BAFF-R,prolif1_d2_14d_CTV2_CD8_pos,d2,CD8,pos,740245,2.0945255239916,14,1.62805588382237e-06
BAFF-R,prolif2_d2_4d_CTV1_CD8_pos,d2,CD8,pos,1418801,1.3723527030493,4,1.62805588382237e-06
BAFF-R,prolif1_d2_24d_CTV3_CD8_pos,d2,CD8,pos,104185,1.81403380940036,24,1.62805588382237e-06
BAFF-R,prolif2_d2_16d_CTV2_CD8_pos,d2,CD8,pos,1510924,3.68324513553813,16,1.62805588382237e-06
BAFF-R,prolif2_d2_24d_CTV3_CD8_pos,d2,CD8,pos,1282303,3.59313364916398,24,1.62805588382237e-06
BAFF-R,prolif1_d2_4d_CTV1_CD8_pos,d2,CD8,pos,76388,1.83092032530447,4,1.62805588382237e-06
BAFF-R,prolif1_d2_14d_CTV2_CD8_pos,d2,CD8,pos,309674,2.0945255239916,14,1.62805588382237e-06
BAFF-R,prolif2_d2_4d_CTV1_CD8_pos,d2,CD8,pos,1262666,1.3723527030493,4,1.62805588382237e-06
BAFF-R,prolif1_d2_24d_CTV3_CD8_pos,d2,CD8,pos,73624,1.81403380940036,24,1.62805588382237e-06
BAFF-R,prolif2_d2_16d_CTV2_CD8_pos,d2,CD8,pos,1284644,3.68324513553813,16,1.62805588382237e-06
BAFF-R,prolif2_d2_24d_CTV3_CD8_pos,d2,CD8,pos,929844,3.59313364916398,24,1.62805588382237e-06
BAFF-R,prolif1_d2_4d_CTV1_CD8_pos,d2,CD8,pos,49935,1.83092032530447,4,1.62805588382237e-06
BAFF-R,prolif1_d2_14d_CTV2_CD8_pos,d2,CD8,pos,104019,2.0945255239916,14,1.62805588382237e-06
BAFF-R,prolif2_d2_4d_CTV1_CD8_pos,d2,CD8,pos,500875,1.3723527030493,4,1.62805588382237e-06
BAFF-R,prolif1_d2_24d_CTV3_CD8_pos,d2,CD8,pos,44113,1.81403380940036,24,1.62805588382237e-06
BAFF-R,prolif2_d2_16d_CTV2_CD8_pos,d2,CD8,pos,822397,3.68324513553813,16,1.62805588382237e-06
BAFF-R,prolif2_d2_24d_CTV3_CD8_pos,d2,CD8,pos,159392,3.59313364916398,24,1.62805588382237e-06
CD28,prolif2_d1_3d_CTV1_CD4_pos,d1,CD4,pos,238500,0.905100039128788,3,0.550576475542457
CD28,prolif2_d1_16d_CTV2_CD4_pos,d1,CD4,pos,602595,1.14930916770898,16,0.550576475542457
CD28,prolif2_d1_24d_CTV3_CD4_pos,d1,CD4,pos,703827,1.13504035504801,24,0.550576475542457
CD28,prolif2_d1_3d_CTV1_CD4_pos,d1,CD4,pos,420790,0.905100039128788,3,0.550576475542457
CD28,prolif2_d1_16d_CTV2_CD4_pos,d1,CD4,pos,1590786,1.14930916770898,16,0.550576475542457
CD28,prolif2_d1_24d_CTV3_CD4_pos,d1,CD4,pos,1219007,1.13504035504801,24,0.550576475542457
CD28,prolif2_d1_3d_CTV1_CD4_pos,d1,CD4,pos,417496,0.905100039128788,3,0.550576475542457
CD28,prolif2_d1_16d_CTV2_CD4_pos,d1,CD4,pos,1289837,1.14930916770898,16,0.550576475542457
CD28,prolif2_d1_24d_CTV3_CD4_pos,d1,CD4,pos,1254621,1.13504035504801,24,0.550576475542457
CD28,prolif2_d1_3d_CTV1_CD4_pos,d1,CD4,pos,121299,0.905100039128788,3,0.550576475542457
CD28,prolif2_d1_16d_CTV2_CD4_pos,d1,CD4,pos,432203,1.14930916770898,16,0.550576475542457
CD28,prolif2_d1_24d_CTV3_CD4_pos,d1,CD4,pos,243958,1.13504035504801,24,0.550576475542457
CD28,prolif2_d1_4d_CTV1_CD8_pos,d1,CD8,pos,1135718,0.790965780315762,4,0.550576475542457
CD28,prolif2_d1_16d_CTV2_CD8_pos,d1,CD8,pos,450666,1.6962441959748,16,0.550576475542457
CD28,prolif2_d1_24d_CTV3_CD8_pos,d1,CD8,pos,22146,1.6477121445075,24,0.550576475542457
CD28,prolif2_d1_4d_CTV1_CD8_pos,d1,CD8,pos,1114173,0.790965780315762,4,0.550576475542457
CD28,prolif2_d1_16d_CTV2_CD8_pos,d1,CD8,pos,1098228,1.6962441959748,16,0.550576475542457
CD28,prolif2_d1_24d_CTV3_CD8_pos,d1,CD8,pos,373671,1.6477121445075,24,0.550576475542457
CD28,prolif2_d1_4d_CTV1_CD8_pos,d1,CD8,pos,1743261,0.790965780315762,4,0.550576475542457
CD28,prolif2_d1_16d_CTV2_CD8_pos,d1,CD8,pos,1192673,1.6962441959748,16,0.550576475542457
CD28,prolif2_d1_24d_CTV3_CD8_pos,d1,CD8,pos,1259129,1.6477121445075,24,0.550576475542457
CD28,prolif2_d1_4d_CTV1_CD8_pos,d1,CD8,pos,325516,0.790965780315762,4,0.550576475542457
CD28,prolif2_d1_16d_CTV2_CD8_pos,d1,CD8,pos,601308,1.6962441959748,16,0.550576475542457
CD28,prolif2_d1_24d_CTV3_CD8_pos,d1,CD8,pos,629994,1.6477121445075,24,0.550576475542457
CD28,prolif1_d2_4d_CTV1_CD4_pos,d2,CD4,pos,252283,0.746644671634018,4,0.550576475542457
CD28,prolif1_d2_14d_CTV2_CD4_pos,d2,CD4,pos,107684,1.07723644997018,14,0.550576475542457
CD28,prolif2_d2_3d_CTV1_CD4_pos,d2,CD4,pos,459692,0.834916410799669,3,0.550576475542457
CD28,prolif1_d2_24d_CTV3_CD4_pos,d2,CD4,pos,12976,1.21283944630228,24,0.550576475542457
CD28,prolif1_d2_4d_CTV1_CD4_pos,d2,CD4,pos,1154887,0.746644671634018,4,0.550576475542457
CD28,prolif1_d2_14d_CTV2_CD4_pos,d2,CD4,pos,199366,1.07723644997018,14,0.550576475542457
CD28,prolif2_d2_3d_CTV1_CD4_pos,d2,CD4,pos,439471,0.834916410799669,3,0.550576475542457
CD28,prolif1_d2_24d_CTV3_CD4_pos,d2,CD4,pos,43874,1.21283944630228,24,0.550576475542457
CD28,prolif1_d2_4d_CTV1_CD4_pos,d2,CD4,pos,205077,0.746644671634018,4,0.550576475542457
CD28,prolif1_d2_14d_CTV2_CD4_pos,d2,CD4,pos,188068,1.07723644997018,14,0.550576475542457
CD28,prolif2_d2_3d_CTV1_CD4_pos,d2,CD4,pos,231507,0.834916410799669,3,0.550576475542457
CD28,prolif1_d2_24d_CTV3_CD4_pos,d2,CD4,pos,27442,1.21283944630228,24,0.550576475542457
CD28,prolif1_d2_4d_CTV1_CD4_pos,d2,CD4,pos,102584,0.746644671634018,4,0.550576475542457
CD28,prolif1_d2_14d_CTV2_CD4_pos,d2,CD4,pos,140231,1.07723644997018,14,0.550576475542457
CD28,prolif2_d2_3d_CTV1_CD4_pos,d2,CD4,pos,48997,0.834916410799669,3,0.550576475542457
CD28,prolif1_d2_24d_CTV3_CD4_pos,d2,CD4,pos,44226,1.21283944630228,24,0.550576475542457
CD28,prolif1_d2_4d_CTV1_CD8_pos,d2,CD8,pos,415182,1.31331032423368,4,0.550576475542457
CD28,prolif1_d2_14d_CTV2_CD8_pos,d2,CD8,pos,144973,1.60933527259134,14,0.550576475542457
CD28,prolif2_d2_4d_CTV1_CD8_pos,d2,CD8,pos,1247502,1.23611773008667,4,0.550576475542457
CD28,prolif1_d2_24d_CTV3_CD8_pos,d2,CD8,pos,33232,1.7422482222685,24,0.550576475542457
CD28,prolif2_d2_16d_CTV2_CD8_pos,d2,CD8,pos,721140,1.61579940879978,16,0.550576475542457
CD28,prolif2_d2_24d_CTV3_CD8_pos,d2,CD8,pos,846864,1.26701595494283,24,0.550576475542457
CD28,prolif1_d2_4d_CTV1_CD8_pos,d2,CD8,pos,576925,1.31331032423368,4,0.550576475542457
CD28,prolif1_d2_14d_CTV2_CD8_pos,d2,CD8,pos,740245,1.60933527259134,14,0.550576475542457
CD28,prolif2_d2_4d_CTV1_CD8_pos,d2,CD8,pos,1418801,1.23611773008667,4,0.550576475542457
CD28,prolif1_d2_24d_CTV3_CD8_pos,d2,CD8,pos,104185,1.7422482222685,24,0.550576475542457
CD28,prolif2_d2_16d_CTV2_CD8_pos,d2,CD8,pos,1510924,1.61579940879978,16,0.550576475542457
CD28,prolif2_d2_24d_CTV3_CD8_pos,d2,CD8,pos,1282303,1.26701595494283,24,0.550576475542457
CD28,prolif1_d2_4d_CTV1_CD8_pos,d2,CD8,pos,76388,1.31331032423368,4,0.550576475542457
CD28,prolif1_d2_14d_CTV2_CD8_pos,d2,CD8,pos,309674,1.60933527259134,14,0.550576475542457
CD28,prolif2_d2_4d_CTV1_CD8_pos,d2,CD8,pos,1262666,1.23611773008667,4,0.550576475542457
CD28,prolif1_d2_24d_CTV3_CD8_pos,d2,CD8,pos,73624,1.7422482222685,24,0.550576475542457
CD28,prolif2_d2_16d_CTV2_CD8_pos,d2,CD8,pos,1284644,1.61579940879978,16,0.550576475542457
CD28,prolif2_d2_24d_CTV3_CD8_pos,d2,CD8,pos,929844,1.26701595494283,24,0.550576475542457
CD28,prolif1_d2_4d_CTV1_CD8_pos,d2,CD8,pos,49935,1.31331032423368,4,0.550576475542457
CD28,prolif1_d2_14d_CTV2_CD8_pos,d2,CD8,pos,104019,1.60933527259134,14,0.550576475542457
CD28,prolif2_d2_4d_CTV1_CD8_pos,d2,CD8,pos,500875,1.23611773008667,4,0.550576475542457
CD28,prolif1_d2_24d_CTV3_CD8_pos,d2,CD8,pos,44113,1.7422482222685,24,0.550576475542457
CD28,prolif2_d2_16d_CTV2_CD8_pos,d2,CD8,pos,822397,1.61579940879978,16,0.550576475542457
CD28,prolif2_d2_24d_CTV3_CD8_pos,d2,CD8,pos,159392,1.26701595494283,24,0.550576475542457
CD40,prolif2_d1_3d_CTV1_CD4_pos,d1,CD4,pos,238500,1.00896990548765,3,3.10057910470268e-09
CD40,prolif2_d1_16d_CTV2_CD4_pos,d1,CD4,pos,602595,2.55675997409711,16,3.10057910470268e-09
CD40,prolif2_d1_24d_CTV3_CD4_pos,d1,CD4,pos,703827,3.22601381103465,24,3.10057910470268e-09
CD40,prolif2_d1_3d_CTV1_CD4_pos,d1,CD4,pos,420790,1.00896990548765,3,3.10057910470268e-09
CD40,prolif2_d1_16d_CTV2_CD4_pos,d1,CD4,pos,1590786,2.55675997409711,16,3.10057910470268e-09
CD40,prolif2_d1_24d_CTV3_CD4_pos,d1,CD4,pos,1219007,3.22601381103465,24,3.10057910470268e-09
CD40,prolif2_d1_3d_CTV1_CD4_pos,d1,CD4,pos,417496,1.00896990548765,3,3.10057910470268e-09
CD40,prolif2_d1_16d_CTV2_CD4_pos,d1,CD4,pos,1289837,2.55675997409711,16,3.10057910470268e-09
CD40,prolif2_d1_24d_CTV3_CD4_pos,d1,CD4,pos,1254621,3.22601381103465,24,3.10057910470268e-09
CD40,prolif2_d1_3d_CTV1_CD4_pos,d1,CD4,pos,121299,1.00896990548765,3,3.10057910470268e-09
CD40,prolif2_d1_16d_CTV2_CD4_pos,d1,CD4,pos,432203,2.55675997409711,16,3.10057910470268e-09
CD40,prolif2_d1_24d_CTV3_CD4_pos,d1,CD4,pos,243958,3.22601381103465,24,3.10057910470268e-09
CD40,prolif2_d1_4d_CTV1_CD8_pos,d1,CD8,pos,1135718,1.18243913908057,4,3.10057910470268e-09
CD40,prolif2_d1_16d_CTV2_CD8_pos,d1,CD8,pos,450666,1.58458942768878,16,3.10057910470268e-09
CD40,prolif2_d1_24d_CTV3_CD8_pos,d1,CD8,pos,22146,2.02970605675896,24,3.10057910470268e-09
CD40,prolif2_d1_4d_CTV1_CD8_pos,d1,CD8,pos,1114173,1.18243913908057,4,3.10057910470268e-09
CD40,prolif2_d1_16d_CTV2_CD8_pos,d1,CD8,pos,1098228,1.58458942768878,16,3.10057910470268e-09
CD40,prolif2_d1_24d_CTV3_CD8_pos,d1,CD8,pos,373671,2.02970605675896,24,3.10057910470268e-09
CD40,prolif2_d1_4d_CTV1_CD8_pos,d1,CD8,pos,1743261,1.18243913908057,4,3.10057910470268e-09
CD40,prolif2_d1_16d_CTV2_CD8_pos,d1,CD8,pos,1192673,1.58458942768878,16,3.10057910470268e-09
CD40,prolif2_d1_24d_CTV3_CD8_pos,d1,CD8,pos,1259129,2.02970605675896,24,3.10057910470268e-09
CD40,prolif2_d1_4d_CTV1_CD8_pos,d1,CD8,pos,325516,1.18243913908057,4,3.10057910470268e-09
CD40,prolif2_d1_16d_CTV2_CD8_pos,d1,CD8,pos,601308,1.58458942768878,16,3.10057910470268e-09
CD40,prolif2_d1_24d_CTV3_CD8_pos,d1,CD8,pos,629994,2.02970605675896,24,3.10057910470268e-09
CD40,prolif1_d2_4d_CTV1_CD4_pos,d2,CD4,pos,252283,1.1079152110815,4,3.10057910470268e-09
CD40,prolif1_d2_14d_CTV2_CD4_pos,d2,CD4,pos,107684,1.90692106024337,14,3.10057910470268e-09
CD40,prolif2_d2_3d_CTV1_CD4_pos,d2,CD4,pos,459692,1.07960893743605,3,3.10057910470268e-09
CD40,prolif1_d2_24d_CTV3_CD4_pos,d2,CD4,pos,12976,2.25181662438304,24,3.10057910470268e-09
CD40,prolif1_d2_4d_CTV1_CD4_pos,d2,CD4,pos,1154887,1.1079152110815,4,3.10057910470268e-09
CD40,prolif1_d2_14d_CTV2_CD4_pos,d2,CD4,pos,199366,1.90692106024337,14,3.10057910470268e-09
CD40,prolif2_d2_3d_CTV1_CD4_pos,d2,CD4,pos,439471,1.07960893743605,3,3.10057910470268e-09
CD40,prolif1_d2_24d_CTV3_CD4_pos,d2,CD4,pos,43874,2.25181662438304,24,3.10057910470268e-09
CD40,prolif1_d2_4d_CTV1_CD4_pos,d2,CD4,pos,205077,1.1079152110815,4,3.10057910470268e-09
CD40,prolif1_d2_14d_CTV2_CD4_pos,d2,CD4,pos,188068,1.90692106024337,14,3.10057910470268e-09
CD40,prolif2_d2_3d_CTV1_CD4_pos,d2,CD4,pos,231507,1.07960893743605,3,3.10057910470268e-09
CD40,prolif1_d2_24d_CTV3_CD4_pos,d2,CD4,pos,27442,2.25181662438304,24,3.10057910470268e-09
CD40,prolif1_d2_4d_CTV1_CD4_pos,d2,CD4,pos,102584,1.1079152110815,4,3.10057910470268e-09
CD40,prolif1_d2_14d_CTV2_CD4_pos,d2,CD4,pos,140231,1.90692106024337,14,3.10057910470268e-09
CD40,prolif2_d2_3d_CTV1_CD4_pos,d2,CD4,pos,48997,1.07960893743605,3,3.10057910470268e-09
CD40,prolif1_d2_24d_CTV3_CD4_pos,d2,CD4,pos,44226,2.25181662438304,24,3.10057910470268e-09
CD40,prolif1_d2_4d_CTV1_CD8_pos,d2,CD8,pos,415182,1.00510355018139,4,3.10057910470268e-09
CD40,prolif1_d2_14d_CTV2_CD8_pos,d2,CD8,pos,144973,1.16761037602545,14,3.10057910470268e-09
CD40,prolif2_d2_4d_CTV1_CD8_pos,d2,CD8,pos,1247502,1.04457183816742,4,3.10057910470268e-09
CD40,prolif1_d2_24d_CTV3_CD8_pos,d2,CD8,pos,33232,1.29468491213572,24,3.10057910470268e-09
CD40,prolif2_d2_16d_CTV2_CD8_pos,d2,CD8,pos,721140,1.65315600054659,16,3.10057910470268e-09
CD40,prolif2_d2_24d_CTV3_CD8_pos,d2,CD8,pos,846864,1.69059523905351,24,3.10057910470268e-09
CD40,prolif1_d2_4d_CTV1_CD8_pos,d2,CD8,pos,576925,1.00510355018139,4,3.10057910470268e-09
CD40,prolif1_d2_14d_CTV2_CD8_pos,d2,CD8,pos,740245,1.16761037602545,14,3.10057910470268e-09
CD40,prolif2_d2_4d_CTV1_CD8_pos,d2,CD8,pos,1418801,1.04457183816742,4,3.10057910470268e-09
CD40,prolif1_d2_24d_CTV3_CD8_pos,d2,CD8,pos,104185,1.29468491213572,24,3.10057910470268e-09
CD40,prolif2_d2_16d_CTV2_CD8_pos,d2,CD8,pos,1510924,1.65315600054659,16,3.10057910470268e-09
CD40,prolif2_d2_24d_CTV3_CD8_pos,d2,CD8,pos,1282303,1.69059523905351,24,3.10057910470268e-09
CD40,prolif1_d2_4d_CTV1_CD8_pos,d2,CD8,pos,76388,1.00510355018139,4,3.10057910470268e-09
CD40,prolif1_d2_14d_CTV2_CD8_pos,d2,CD8,pos,309674,1.16761037602545,14,3.10057910470268e-09
CD40,prolif2_d2_4d_CTV1_CD8_pos,d2,CD8,pos,1262666,1.04457183816742,4,3.10057910470268e-09
CD40,prolif1_d2_24d_CTV3_CD8_pos,d2,CD8,pos,73624,1.29468491213572,24,3.10057910470268e-09
CD40,prolif2_d2_16d_CTV2_CD8_pos,d2,CD8,pos,1284644,1.65315600054659,16,3.10057910470268e-09
CD40,prolif2_d2_24d_CTV3_CD8_pos,d2,CD8,pos,929844,1.69059523905351,24,3.10057910470268e-09
CD40,prolif1_d2_4d_CTV1_CD8_pos,d2,CD8,pos,49935,1.00510355018139,4,3.10057910470268e-09
CD40,prolif1_d2_14d_CTV2_CD8_pos,d2,CD8,pos,104019,1.16761037602545,14,3.10057910470268e-09
CD40,prolif2_d2_4d_CTV1_CD8_pos,d2,CD8,pos,500875,1.04457183816742,4,3.10057910470268e-09
CD40,prolif1_d2_24d_CTV3_CD8_pos,d2,CD8,pos,44113,1.29468491213572,24,3.10057910470268e-09
CD40,prolif2_d2_16d_CTV2_CD8_pos,d2,CD8,pos,822397,1.65315600054659,16,3.10057910470268e-09
CD40,prolif2_d2_24d_CTV3_CD8_pos,d2,CD8,pos,159392,1.69059523905351,24,3.10057910470268e-09
KLRG1,prolif2_d1_3d_CTV1_CD4_pos,d1,CD4,pos,238500,0.482895739054203,3,6.21776490771725e-09
KLRG1,prolif2_d1_16d_CTV2_CD4_pos,d1,CD4,pos,602595,0.227310380666666,16,6.21776490771725e-09
KLRG1,prolif2_d1_24d_CTV3_CD4_pos,d1,CD4,pos,703827,0.126346671747846,24,6.21776490771725e-09
KLRG1,prolif2_d1_3d_CTV1_CD4_pos,d1,CD4,pos,420790,0.482895739054203,3,6.21776490771725e-09
KLRG1,prolif2_d1_16d_CTV2_CD4_pos,d1,CD4,pos,1590786,0.227310380666666,16,6.21776490771725e-09
KLRG1,prolif2_d1_24d_CTV3_CD4_pos,d1,CD4,pos,1219007,0.126346671747846,24,6.21776490771725e-09
KLRG1,prolif2_d1_3d_CTV1_CD4_pos,d1,CD4,pos,417496,0.482895739054203,3,6.21776490771725e-09
KLRG1,prolif2_d1_16d_CTV2_CD4_pos,d1,CD4,pos,1289837,0.227310380666666,16,6.21776490771725e-09
KLRG1,prolif2_d1_24d_CTV3_CD4_pos,d1,CD4,pos,1254621,0.126346671747846,24,6.21776490771725e-09
KLRG1,prolif2_d1_3d_CTV1_CD4_pos,d1,CD4,pos,121299,0.482895739054203,3,6.21776490771725e-09
KLRG1,prolif2_d1_16d_CTV2_CD4_pos,d1,CD4,pos,432203,0.227310380666666,16,6.21776490771725e-09
KLRG1,prolif2_d1_24d_CTV3_CD4_pos,d1,CD4,pos,243958,0.126346671747846,24,6.21776490771725e-09
KLRG1,prolif2_d1_4d_CTV1_CD8_pos,d1,CD8,pos,1135718,0.497197138427005,4,6.21776490771725e-09
KLRG1,prolif2_d1_16d_CTV2_CD8_pos,d1,CD8,pos,450666,0.322647896798444,16,6.21776490771725e-09
KLRG1,prolif2_d1_24d_CTV3_CD8_pos,d1,CD8,pos,22146,0.305836513124583,24,6.21776490771725e-09
KLRG1,prolif2_d1_4d_CTV1_CD8_pos,d1,CD8,pos,1114173,0.497197138427005,4,6.21776490771725e-09
KLRG1,prolif2_d1_16d_CTV2_CD8_pos,d1,CD8,pos,1098228,0.322647896798444,16,6.21776490771725e-09
KLRG1,prolif2_d1_24d_CTV3_CD8_pos,d1,CD8,pos,373671,0.305836513124583,24,6.21776490771725e-09
KLRG1,prolif2_d1_4d_CTV1_CD8_pos,d1,CD8,pos,1743261,0.497197138427005,4,6.21776490771725e-09
KLRG1,prolif2_d1_16d_CTV2_CD8_pos,d1,CD8,pos,1192673,0.322647896798444,16,6.21776490771725e-09
KLRG1,prolif2_d1_24d_CTV3_CD8_pos,d1,CD8,pos,1259129,0.305836513124583,24,6.21776490771725e-09
KLRG1,prolif2_d1_4d_CTV1_CD8_pos,d1,CD8,pos,325516,0.497197138427005,4,6.21776490771725e-09
KLRG1,prolif2_d1_16d_CTV2_CD8_pos,d1,CD8,pos,601308,0.322647896798444,16,6.21776490771725e-09
KLRG1,prolif2_d1_24d_CTV3_CD8_pos,d1,CD8,pos,629994,0.305836513124583,24,6.21776490771725e-09
KLRG1,prolif1_d2_4d_CTV1_CD4_pos,d2,CD4,pos,252283,0.540544957374179,4,6.21776490771725e-09
KLRG1,prolif1_d2_14d_CTV2_CD4_pos,d2,CD4,pos,107684,0.57221312555311,14,6.21776490771725e-09
KLRG1,prolif2_d2_3d_CTV1_CD4_pos,d2,CD4,pos,459692,0.708163521653895,3,6.21776490771725e-09
KLRG1,prolif1_d2_24d_CTV3_CD4_pos,d2,CD4,pos,12976,1.32694653895237,24,6.21776490771725e-09
KLRG1,prolif1_d2_4d_CTV1_CD4_pos,d2,CD4,pos,1154887,0.540544957374179,4,6.21776490771725e-09
KLRG1,prolif1_d2_14d_CTV2_CD4_pos,d2,CD4,pos,199366,0.57221312555311,14,6.21776490771725e-09
KLRG1,prolif2_d2_3d_CTV1_CD4_pos,d2,CD4,pos,439471,0.708163521653895,3,6.21776490771725e-09
KLRG1,prolif1_d2_24d_CTV3_CD4_pos,d2,CD4,pos,43874,1.32694653895237,24,6.21776490771725e-09
KLRG1,prolif1_d2_4d_CTV1_CD4_pos,d2,CD4,pos,205077,0.540544957374179,4,6.21776490771725e-09
KLRG1,prolif1_d2_14d_CTV2_CD4_pos,d2,CD4,pos,188068,0.57221312555311,14,6.21776490771725e-09
KLRG1,prolif2_d2_3d_CTV1_CD4_pos,d2,CD4,pos,231507,0.708163521653895,3,6.21776490771725e-09
KLRG1,prolif1_d2_24d_CTV3_CD4_pos,d2,CD4,pos,27442,1.32694653895237,24,6.21776490771725e-09
KLRG1,prolif1_d2_4d_CTV1_CD4_pos,d2,CD4,pos,102584,0.540544957374179,4,6.21776490771725e-09
KLRG1,prolif1_d2_14d_CTV2_CD4_pos,d2,CD4,pos,140231,0.57221312555311,14,6.21776490771725e-09
KLRG1,prolif2_d2_3d_CTV1_CD4_pos,d2,CD4,pos,48997,0.708163521653895,3,6.21776490771725e-09
KLRG1,prolif1_d2_24d_CTV3_CD4_pos,d2,CD4,pos,44226,1.32694653895237,24,6.21776490771725e-09
KLRG1,prolif1_d2_4d_CTV1_CD8_pos,d2,CD8,pos,415182,1.04557624532943,4,6.21776490771725e-09
KLRG1,prolif1_d2_14d_CTV2_CD8_pos,d2,CD8,pos,144973,0.522026863491826,14,6.21776490771725e-09
KLRG1,prolif2_d2_4d_CTV1_CD8_pos,d2,CD8,pos,1247502,0.740343117807227,4,6.21776490771725e-09
KLRG1,prolif1_d2_24d_CTV3_CD8_pos,d2,CD8,pos,33232,0.499891009450436,24,6.21776490771725e-09
KLRG1,prolif2_d2_16d_CTV2_CD8_pos,d2,CD8,pos,721140,0.480604501553813,16,6.21776490771725e-09
KLRG1,prolif2_d2_24d_CTV3_CD8_pos,d2,CD8,pos,846864,0.35828653983632,24,6.21776490771725e-09
KLRG1,prolif1_d2_4d_CTV1_CD8_pos,d2,CD8,pos,576925,1.04557624532943,4,6.21776490771725e-09
KLRG1,prolif1_d2_14d_CTV2_CD8_pos,d2,CD8,pos,740245,0.522026863491826,14,6.21776490771725e-09
KLRG1,prolif2_d2_4d_CTV1_CD8_pos,d2,CD8,pos,1418801,0.740343117807227,4,6.21776490771725e-09
KLRG1,prolif1_d2_24d_CTV3_CD8_pos,d2,CD8,pos,104185,0.499891009450436,24,6.21776490771725e-09
KLRG1,prolif2_d2_16d_CTV2_CD8_pos,d2,CD8,pos,1510924,0.480604501553813,16,6.21776490771725e-09
KLRG1,prolif2_d2_24d_CTV3_CD8_pos,d2,CD8,pos,1282303,0.35828653983632,24,6.21776490771725e-09
KLRG1,prolif1_d2_4d_CTV1_CD8_pos,d2,CD8,pos,76388,1.04557624532943,4,6.21776490771725e-09
KLRG1,prolif1_d2_14d_CTV2_CD8_pos,d2,CD8,pos,309674,0.522026863491826,14,6.21776490771725e-09
KLRG1,prolif2_d2_4d_CTV1_CD8_pos,d2,CD8,pos,1262666,0.740343117807227,4,6.21776490771725e-09
KLRG1,prolif1_d2_24d_CTV3_CD8_pos,d2,CD8,pos,73624,0.499891009450436,24,6.21776490771725e-09
KLRG1,prolif2_d2_16d_CTV2_CD8_pos,d2,CD8,pos,1284644,0.480604501553813,16,6.21776490771725e-09
KLRG1,prolif2_d2_24d_CTV3_CD8_pos,d2,CD8,pos,929844,0.35828653983632,24,6.21776490771725e-09
KLRG1,prolif1_d2_4d_CTV1_CD8_pos,d2,CD8,pos,49935,1.04557624532943,4,6.21776490771725e-09
KLRG1,prolif1_d2_14d_CTV2_CD8_pos,d2,CD8,pos,104019,0.522026863491826,14,6.21776490771725e-09
KLRG1,prolif2_d2_4d_CTV1_CD8_pos,d2,CD8,pos,500875,0.740343117807227,4,6.21776490771725e-09
KLRG1,prolif1_d2_24d_CTV3_CD8_pos,d2,CD8,pos,44113,0.499891009450436,24,6.21776490771725e-09
KLRG1,prolif2_d2_16d_CTV2_CD8_pos,d2,CD8,pos,822397,0.480604501553813,16,6.21776490771725e-09
KLRG1,prolif2_d2_24d_CTV3_CD8_pos,d2,CD8,pos,159392,0.35828653983632,24,6.21776490771725e-09
TACI,prolif2_d1_3d_CTV1_CD4_pos,d1,CD4,pos,238500,1.74944315982076,3,3.46740792811343e-08
TACI,prolif2_d1_16d_CTV2_CD4_pos,d1,CD4,pos,602595,1.73072353131494,16,3.46740792811343e-08
TACI,prolif2_d1_24d_CTV3_CD4_pos,d1,CD4,pos,703827,1.22357503200607,24,3.46740792811343e-08
TACI,prolif2_d1_3d_CTV1_CD4_pos,d1,CD4,pos,420790,1.74944315982076,3,3.46740792811343e-08
TACI,prolif2_d1_16d_CTV2_CD4_pos,d1,CD4,pos,1590786,1.73072353131494,16,3.46740792811343e-08
TACI,prolif2_d1_24d_CTV3_CD4_pos,d1,CD4,pos,1219007,1.22357503200607,24,3.46740792811343e-08
TACI,prolif2_d1_3d_CTV1_CD4_pos,d1,CD4,pos,417496,1.74944315982076,3,3.46740792811343e-08
TACI,prolif2_d1_16d_CTV2_CD4_pos,d1,CD4,pos,1289837,1.73072353131494,16,3.46740792811343e-08
TACI,prolif2_d1_24d_CTV3_CD4_pos,d1,CD4,pos,1254621,1.22357503200607,24,3.46740792811343e-08
TACI,prolif2_d1_3d_CTV1_CD4_pos,d1,CD4,pos,121299,1.74944315982076,3,3.46740792811343e-08
TACI,prolif2_d1_16d_CTV2_CD4_pos,d1,CD4,pos,432203,1.73072353131494,16,3.46740792811343e-08
TACI,prolif2_d1_24d_CTV3_CD4_pos,d1,CD4,pos,243958,1.22357503200607,24,3.46740792811343e-08
TACI,prolif2_d1_4d_CTV1_CD8_pos,d1,CD8,pos,1135718,2.41933627337503,4,3.46740792811343e-08
TACI,prolif2_d1_16d_CTV2_CD8_pos,d1,CD8,pos,450666,2.34161109678971,16,3.46740792811343e-08
TACI,prolif2_d1_24d_CTV3_CD8_pos,d1,CD8,pos,22146,2.49848668201964,24,3.46740792811343e-08
TACI,prolif2_d1_4d_CTV1_CD8_pos,d1,CD8,pos,1114173,2.41933627337503,4,3.46740792811343e-08
TACI,prolif2_d1_16d_CTV2_CD8_pos,d1,CD8,pos,1098228,2.34161109678971,16,3.46740792811343e-08
TACI,prolif2_d1_24d_CTV3_CD8_pos,d1,CD8,pos,373671,2.49848668201964,24,3.46740792811343e-08
TACI,prolif2_d1_4d_CTV1_CD8_pos,d1,CD8,pos,1743261,2.41933627337503,4,3.46740792811343e-08
TACI,prolif2_d1_16d_CTV2_CD8_pos,d1,CD8,pos,1192673,2.34161109678971,16,3.46740792811343e-08
TACI,prolif2_d1_24d_CTV3_CD8_pos,d1,CD8,pos,1259129,2.49848668201964,24,3.46740792811343e-08
TACI,prolif2_d1_4d_CTV1_CD8_pos,d1,CD8,pos,325516,2.41933627337503,4,3.46740792811343e-08
TACI,prolif2_d1_16d_CTV2_CD8_pos,d1,CD8,pos,601308,2.34161109678971,16,3.46740792811343e-08
TACI,prolif2_d1_24d_CTV3_CD8_pos,d1,CD8,pos,629994,2.49848668201964,24,3.46740792811343e-08
TACI,prolif1_d2_4d_CTV1_CD4_pos,d2,CD4,pos,252283,1.74740499456367,4,3.46740792811343e-08
TACI,prolif1_d2_14d_CTV2_CD4_pos,d2,CD4,pos,107684,0.931150016761552,14,3.46740792811343e-08
TACI,prolif2_d2_3d_CTV1_CD4_pos,d2,CD4,pos,459692,1.52497223394324,3,3.46740792811343e-08
TACI,prolif1_d2_24d_CTV3_CD4_pos,d2,CD4,pos,12976,0.695441313272015,24,3.46740792811343e-08
TACI,prolif1_d2_4d_CTV1_CD4_pos,d2,CD4,pos,1154887,1.74740499456367,4,3.46740792811343e-08
TACI,prolif1_d2_14d_CTV2_CD4_pos,d2,CD4,pos,199366,0.931150016761552,14,3.46740792811343e-08
TACI,prolif2_d2_3d_CTV1_CD4_pos,d2,CD4,pos,439471,1.52497223394324,3,3.46740792811343e-08
TACI,prolif1_d2_24d_CTV3_CD4_pos,d2,CD4,pos,43874,0.695441313272015,24,3.46740792811343e-08
TACI,prolif1_d2_4d_CTV1_CD4_pos,d2,CD4,pos,205077,1.74740499456367,4,3.46740792811343e-08
TACI,prolif1_d2_14d_CTV2_CD4_pos,d2,CD4,pos,188068,0.931150016761552,14,3.46740792811343e-08
TACI,prolif2_d2_3d_CTV1_CD4_pos,d2,CD4,pos,231507,1.52497223394324,3,3.46740792811343e-08
TACI,prolif1_d2_24d_CTV3_CD4_pos,d2,CD4,pos,27442,0.695441313272015,24,3.46740792811343e-08
TACI,prolif1_d2_4d_CTV1_CD4_pos,d2,CD4,pos,102584,1.74740499456367,4,3.46740792811343e-08
TACI,prolif1_d2_14d_CTV2_CD4_pos,d2,CD4,pos,140231,0.931150016761552,14,3.46740792811343e-08
TACI,prolif2_d2_3d_CTV1_CD4_pos,d2,CD4,pos,48997,1.52497223394324,3,3.46740792811343e-08
TACI,prolif1_d2_24d_CTV3_CD4_pos,d2,CD4,pos,44226,0.695441313272015,24,3.46740792811343e-08
TACI,prolif1_d2_4d_CTV1_CD8_pos,d2,CD8,pos,415182,1.54298219685563,4,3.46740792811343e-08
TACI,prolif1_d2_14d_CTV2_CD8_pos,d2,CD8,pos,144973,1.69960427611255,14,3.46740792811343e-08
TACI,prolif2_d2_4d_CTV1_CD8_pos,d2,CD8,pos,1247502,1.20716653101873,4,3.46740792811343e-08
TACI,prolif1_d2_24d_CTV3_CD8_pos,d2,CD8,pos,33232,1.82692360387436,24,3.46740792811343e-08
TACI,prolif2_d2_16d_CTV2_CD8_pos,d2,CD8,pos,721140,1.70334460366426,16,3.46740792811343e-08
TACI,prolif2_d2_24d_CTV3_CD8_pos,d2,CD8,pos,846864,2.16420972623068,24,3.46740792811343e-08
TACI,prolif1_d2_4d_CTV1_CD8_pos,d2,CD8,pos,576925,1.54298219685563,4,3.46740792811343e-08
TACI,prolif1_d2_14d_CTV2_CD8_pos,d2,CD8,pos,740245,1.69960427611255,14,3.46740792811343e-08
TACI,prolif2_d2_4d_CTV1_CD8_pos,d2,CD8,pos,1418801,1.20716653101873,4,3.46740792811343e-08
TACI,prolif1_d2_24d_CTV3_CD8_pos,d2,CD8,pos,104185,1.82692360387436,24,3.46740792811343e-08
TACI,prolif2_d2_16d_CTV2_CD8_pos,d2,CD8,pos,1510924,1.70334460366426,16,3.46740792811343e-08
TACI,prolif2_d2_24d_CTV3_CD8_pos,d2,CD8,pos,1282303,2.16420972623068,24,3.46740792811343e-08
TACI,prolif1_d2_4d_CTV1_CD8_pos,d2,CD8,pos,76388,1.54298219685563,4,3.46740792811343e-08
TACI,prolif1_d2_14d_CTV2_CD8_pos,d2,CD8,pos,309674,1.69960427611255,14,3.46740792811343e-08
TACI,prolif2_d2_4d_CTV1_CD8_pos,d2,CD8,pos,1262666,1.20716653101873,4,3.46740792811343e-08
TACI,prolif1_d2_24d_CTV3_CD8_pos,d2,CD8,pos,73624,1.82692360387436,24,3.46740792811343e-08
TACI,prolif2_d2_16d_CTV2_CD8_pos,d2,CD8,pos,1284644,1.70334460366426,16,3.46740792811343e-08
TACI,prolif2_d2_24d_CTV3_CD8_pos,d2,CD8,pos,929844,2.16420972623068,24,3.46740792811343e-08
TACI,prolif1_d2_4d_CTV1_CD8_pos,d2,CD8,pos,49935,1.54298219685563,4,3.46740792811343e-08
TACI,prolif1_d2_14d_CTV2_CD8_pos,d2,CD8,pos,104019,1.69960427611255,14,3.46740792811343e-08
TACI,prolif2_d2_4d_CTV1_CD8_pos,d2,CD8,pos,500875,1.20716653101873,4,3.46740792811343e-08
TACI,prolif1_d2_24d_CTV3_CD8_pos,d2,CD8,pos,44113,1.82692360387436,24,3.46740792811343e-08
TACI,prolif2_d2_16d_CTV2_CD8_pos,d2,CD8,pos,822397,1.70334460366426,16,3.46740792811343e-08
TACI,prolif2_d2_24d_CTV3_CD8_pos,d2,CD8,pos,159392,2.16420972623068,24,3.46740792811343e-08
CD30,prolif2_d1_3d_CTV1_CD4_pos,d1,CD4,pos,238500,2.03984156204071,3,1.1570104799041e-16
CD30,prolif2_d1_16d_CTV2_CD4_pos,d1,CD4,pos,602595,3.37754411071897,16,1.1570104799041e-16
CD30,prolif2_d1_24d_CTV3_CD4_pos,d1,CD4,pos,703827,3.80107491472885,24,1.1570104799041e-16
CD30,prolif2_d1_3d_CTV1_CD4_pos,d1,CD4,pos,420790,2.03984156204071,3,1.1570104799041e-16
CD30,prolif2_d1_16d_CTV2_CD4_pos,d1,CD4,pos,1590786,3.37754411071897,16,1.1570104799041e-16
CD30,prolif2_d1_24d_CTV3_CD4_pos,d1,CD4,pos,1219007,3.80107491472885,24,1.1570104799041e-16
CD30,prolif2_d1_3d_CTV1_CD4_pos,d1,CD4,pos,417496,2.03984156204071,3,1.1570104799041e-16
CD30,prolif2_d1_16d_CTV2_CD4_pos,d1,CD4,pos,1289837,3.37754411071897,16,1.1570104799041e-16
CD30,prolif2_d1_24d_CTV3_CD4_pos,d1,CD4,pos,1254621,3.80107491472885,24,1.1570104799041e-16
CD30,prolif2_d1_3d_CTV1_CD4_pos,d1,CD4,pos,121299,2.03984156204071,3,1.1570104799041e-16
CD30,prolif2_d1_16d_CTV2_CD4_pos,d1,CD4,pos,432203,3.37754411071897,16,1.1570104799041e-16
CD30,prolif2_d1_24d_CTV3_CD4_pos,d1,CD4,pos,243958,3.80107491472885,24,1.1570104799041e-16
CD30,prolif2_d1_4d_CTV1_CD8_pos,d1,CD8,pos,1135718,1.81725150721002,4,1.1570104799041e-16
CD30,prolif2_d1_16d_CTV2_CD8_pos,d1,CD8,pos,450666,6.17064268084575,16,1.1570104799041e-16
CD30,prolif2_d1_24d_CTV3_CD8_pos,d1,CD8,pos,22146,7.819319877029,24,1.1570104799041e-16
CD30,prolif2_d1_4d_CTV1_CD8_pos,d1,CD8,pos,1114173,1.81725150721002,4,1.1570104799041e-16
CD30,prolif2_d1_16d_CTV2_CD8_pos,d1,CD8,pos,1098228,6.17064268084575,16,1.1570104799041e-16
CD30,prolif2_d1_24d_CTV3_CD8_pos,d1,CD8,pos,373671,7.819319877029,24,1.1570104799041e-16
CD30,prolif2_d1_4d_CTV1_CD8_pos,d1,CD8,pos,1743261,1.81725150721002,4,1.1570104799041e-16
CD30,prolif2_d1_16d_CTV2_CD8_pos,d1,CD8,pos,1192673,6.17064268084575,16,1.1570104799041e-16
CD30,prolif2_d1_24d_CTV3_CD8_pos,d1,CD8,pos,1259129,7.819319877029,24,1.1570104799041e-16
CD30,prolif2_d1_4d_CTV1_CD8_pos,d1,CD8,pos,325516,1.81725150721002,4,1.1570104799041e-16
CD30,prolif2_d1_16d_CTV2_CD8_pos,d1,CD8,pos,601308,6.17064268084575,16,1.1570104799041e-16
CD30,prolif2_d1_24d_CTV3_CD8_pos,d1,CD8,pos,629994,7.819319877029,24,1.1570104799041e-16
CD30,prolif1_d2_4d_CTV1_CD4_pos,d2,CD4,pos,252283,1.05091599705072,4,1.1570104799041e-16
CD30,prolif1_d2_14d_CTV2_CD4_pos,d2,CD4,pos,107684,1.70709719079279,14,1.1570104799041e-16
CD30,prolif2_d2_3d_CTV1_CD4_pos,d2,CD4,pos,459692,0.931052503170077,3,1.1570104799041e-16
CD30,prolif1_d2_24d_CTV3_CD4_pos,d2,CD4,pos,12976,1.73272376125041,24,1.1570104799041e-16
CD30,prolif1_d2_4d_CTV1_CD4_pos,d2,CD4,pos,1154887,1.05091599705072,4,1.1570104799041e-16
CD30,prolif1_d2_14d_CTV2_CD4_pos,d2,CD4,pos,199366,1.70709719079279,14,1.1570104799041e-16
CD30,prolif2_d2_3d_CTV1_CD4_pos,d2,CD4,pos,439471,0.931052503170077,3,1.1570104799041e-16
CD30,prolif1_d2_24d_CTV3_CD4_pos,d2,CD4,pos,43874,1.73272376125041,24,1.1570104799041e-16
CD30,prolif1_d2_4d_CTV1_CD4_pos,d2,CD4,pos,205077,1.05091599705072,4,1.1570104799041e-16
CD30,prolif1_d2_14d_CTV2_CD4_pos,d2,CD4,pos,188068,1.70709719079279,14,1.1570104799041e-16
CD30,prolif2_d2_3d_CTV1_CD4_pos,d2,CD4,pos,231507,0.931052503170077,3,1.1570104799041e-16
CD30,prolif1_d2_24d_CTV3_CD4_pos,d2,CD4,pos,27442,1.73272376125041,24,1.1570104799041e-16
CD30,prolif1_d2_4d_CTV1_CD4_pos,d2,CD4,pos,102584,1.05091599705072,4,1.1570104799041e-16
CD30,prolif1_d2_14d_CTV2_CD4_pos,d2,CD4,pos,140231,1.70709719079279,14,1.1570104799041e-16
CD30,prolif2_d2_3d_CTV1_CD4_pos,d2,CD4,pos,48997,0.931052503170077,3,1.1570104799041e-16
CD30,prolif1_d2_24d_CTV3_CD4_pos,d2,CD4,pos,44226,1.73272376125041,24,1.1570104799041e-16
CD30,prolif1_d2_4d_CTV1_CD8_pos,d2,CD8,pos,415182,0.882164907328011,4,1.1570104799041e-16
CD30,prolif1_d2_14d_CTV2_CD8_pos,d2,CD8,pos,144973,1.60096394349668,14,1.1570104799041e-16
CD30,prolif2_d2_4d_CTV1_CD8_pos,d2,CD8,pos,1247502,1.35373601447557,4,1.1570104799041e-16
CD30,prolif1_d2_24d_CTV3_CD8_pos,d2,CD8,pos,33232,1.50770578022576,24,1.1570104799041e-16
CD30,prolif2_d2_16d_CTV2_CD8_pos,d2,CD8,pos,721140,3.07012385988257,16,1.1570104799041e-16
CD30,prolif2_d2_24d_CTV3_CD8_pos,d2,CD8,pos,846864,2.63237453782399,24,1.1570104799041e-16
CD30,prolif1_d2_4d_CTV1_CD8_pos,d2,CD8,pos,576925,0.882164907328011,4,1.1570104799041e-16
CD30,prolif1_d2_14d_CTV2_CD8_pos,d2,CD8,pos,740245,1.60096394349668,14,1.1570104799041e-16
CD30,prolif2_d2_4d_CTV1_CD8_pos,d2,CD8,pos,1418801,1.35373601447557,4,1.1570104799041e-16
CD30,prolif1_d2_24d_CTV3_CD8_pos,d2,CD8,pos,104185,1.50770578022576,24,1.1570104799041e-16
CD30,prolif2_d2_16d_CTV2_CD8_pos,d2,CD8,pos,1510924,3.07012385988257,16,1.1570104799041e-16
CD30,prolif2_d2_24d_CTV3_CD8_pos,d2,CD8,pos,1282303,2.63237453782399,24,1.1570104799041e-16
CD30,prolif1_d2_4d_CTV1_CD8_pos,d2,CD8,pos,76388,0.882164907328011,4,1.1570104799041e-16
CD30,prolif1_d2_14d_CTV2_CD8_pos,d2,CD8,pos,309674,1.60096394349668,14,1.1570104799041e-16
CD30,prolif2_d2_4d_CTV1_CD8_pos,d2,CD8,pos,1262666,1.35373601447557,4,1.1570104799041e-16
CD30,prolif1_d2_24d_CTV3_CD8_pos,d2,CD8,pos,73624,1.50770578022576,24,1.1570104799041e-16
CD30,prolif2_d2_16d_CTV2_CD8_pos,d2,CD8,pos,1284644,3.07012385988257,16,1.1570104799041e-16
CD30,prolif2_d2_24d_CTV3_CD8_pos,d2,CD8,pos,929844,2.63237453782399,24,1.1570104799041e-16
CD30,prolif1_d2_4d_CTV1_CD8_pos,d2,CD8,pos,49935,0.882164907328011,4,1.1570104799041e-16
CD30,prolif1_d2_14d_CTV2_CD8_pos,d2,CD8,pos,104019,1.60096394349668,14,1.1570104799041e-16
CD30,prolif2_d2_4d_CTV1_CD8_pos,d2,CD8,pos,500875,1.35373601447557,4,1.1570104799041e-16
CD30,prolif1_d2_24d_CTV3_CD8_pos,d2,CD8,pos,44113,1.50770578022576,24,1.1570104799041e-16
CD30,prolif2_d2_16d_CTV2_CD8_pos,d2,CD8,pos,822397,3.07012385988257,16,1.1570104799041e-16
CD30,prolif2_d2_24d_CTV3_CD8_pos,d2,CD8,pos,159392,2.63237453782399,24,1.1570104799041e-16
4-1BB,prolif2_d1_0h_baseline_CD4_NA,d1,CD4,pos,1e+05,1,0,0.000196375634860501
4-1BB,prolif2_d1_0h_baseline_CD8_NA,d1,CD8,pos,1e+05,1,0,0.000196375634860501
4-1BB,prolif1_d2_0h_baseline_CD4_NA,d2,CD4,pos,1e+05,1,0,0.000196375634860501
4-1BB,prolif2_d2_0h_baseline_CD4_NA,d2,CD4,pos,1e+05,1,0,0.000196375634860501
4-1BB,prolif1_d2_0h_baseline_CD8_NA,d2,CD8,pos,1e+05,1,0,0.000196375634860501
4-1BB,prolif2_d2_0h_baseline_CD8_NA,d2,CD8,pos,1e+05,1,0,0.000196375634860501
BAFF-R,prolif2_d1_0h_baseline_CD4_NA,d1,CD4,pos,1e+05,1,0,1.62805588382237e-06
BAFF-R,prolif2_d1_0h_baseline_CD8_NA,d1,CD8,pos,1e+05,1,0,1.62805588382237e-06
BAFF-R,prolif1_d2_0h_baseline_CD4_NA,d2,CD4,pos,1e+05,1,0,1.62805588382237e-06
BAFF-R,prolif2_d2_0h_baseline_CD4_NA,d2,CD4,pos,1e+05,1,0,1.62805588382237e-06
BAFF-R,prolif1_d2_0h_baseline_CD8_NA,d2,CD8,pos,1e+05,1,0,1.62805588382237e-06
BAFF-R,prolif2_d2_0h_baseline_CD8_NA,d2,CD8,pos,1e+05,1,0,1.62805588382237e-06
CD28,prolif2_d1_0h_baseline_CD4_NA,d1,CD4,pos,1e+05,1,0,0.550576475542457
CD28,prolif2_d1_0h_baseline_CD8_NA,d1,CD8,pos,1e+05,1,0,0.550576475542457
CD28,prolif1_d2_0h_baseline_CD4_NA,d2,CD4,pos,1e+05,1,0,0.550576475542457
CD28,prolif2_d2_0h_baseline_CD4_NA,d2,CD4,pos,1e+05,1,0,0.550576475542457
CD28,prolif1_d2_0h_baseline_CD8_NA,d2,CD8,pos,1e+05,1,0,0.550576475542457
CD28,prolif2_d2_0h_baseline_CD8_NA,d2,CD8,pos,1e+05,1,0,0.550576475542457
CD40,prolif2_d1_0h_baseline_CD4_NA,d1,CD4,pos,1e+05,1,0,3.10057910470268e-09
CD40,prolif2_d1_0h_baseline_CD8_NA,d1,CD8,pos,1e+05,1,0,3.10057910470268e-09
CD40,prolif1_d2_0h_baseline_CD4_NA,d2,CD4,pos,1e+05,1,0,3.10057910470268e-09
CD40,prolif2_d2_0h_baseline_CD4_NA,d2,CD4,pos,1e+05,1,0,3.10057910470268e-09
CD40,prolif1_d2_0h_baseline_CD8_NA,d2,CD8,pos,1e+05,1,0,3.10057910470268e-09
CD40,prolif2_d2_0h_baseline_CD8_NA,d2,CD8,pos,1e+05,1,0,3.10057910470268e-09
KLRG1,prolif2_d1_0h_baseline_CD4_NA,d1,CD4,pos,1e+05,1,0,6.21776490771725e-09
KLRG1,prolif2_d1_0h_baseline_CD8_NA,d1,CD8,pos,1e+05,1,0,6.21776490771725e-09
KLRG1,prolif1_d2_0h_baseline_CD4_NA,d2,CD4,pos,1e+05,1,0,6.21776490771725e-09
KLRG1,prolif2_d2_0h_baseline_CD4_NA,d2,CD4,pos,1e+05,1,0,6.21776490771725e-09
KLRG1,prolif1_d2_0h_baseline_CD8_NA,d2,CD8,pos,1e+05,1,0,6.21776490771725e-09
KLRG1,prolif2_d2_0h_baseline_CD8_NA,d2,CD8,pos,1e+05,1,0,6.21776490771725e-09
TACI,prolif2_d1_0h_baseline_CD4_NA,d1,CD4,pos,1e+05,1,0,3.46740792811343e-08
TACI,prolif2_d1_0h_baseline_CD8_NA,d1,CD8,pos,1e+05,1,0,3.46740792811343e-08
TACI,prolif1_d2_0h_baseline_CD4_NA,d2,CD4,pos,1e+05,1,0,3.46740792811343e-08
TACI,prolif2_d2_0h_baseline_CD4_NA,d2,CD4,pos,1e+05,1,0,3.46740792811343e-08
TACI,prolif1_d2_0h_baseline_CD8_NA,d2,CD8,pos,1e+05,1,0,3.46740792811343e-08
TACI,prolif2_d2_0h_baseline_CD8_NA,d2,CD8,pos,1e+05,1,0,3.46740792811343e-08
CD30,prolif2_d1_0h_baseline_CD4_NA,d1,CD4,pos,1e+05,1,0,1.1570104799041e-16
CD30,prolif2_d1_0h_baseline_CD8_NA,d1,CD8,pos,1e+05,1,0,1.1570104799041e-16
CD30,prolif1_d2_0h_baseline_CD4_NA,d2,CD4,pos,1e+05,1,0,1.1570104799041e-16
CD30,prolif2_d2_0h_baseline_CD4_NA,d2,CD4,pos,1e+05,1,0,1.1570104799041e-16
CD30,prolif1_d2_0h_baseline_CD8_NA,d2,CD8,pos,1e+05,1,0,1.1570104799041e-16
CD30,prolif2_d2_0h_baseline_CD8_NA,d2,CD8,pos,1e+05,1,0,1.1570104799041e-16
